Date,Precipitation (mm),Temperature C,Vapour Pressure (hPa)                ,Relative Humidity (%),Mean Sea Level Pressure (hPa),Rainfall (Yes or No),Over 1mm Rain?
01/11/2012 00:00:00,0,0.8,,,976.2,0,0
01/11/2012 01:00:00,0,1.3,6.4,95,976,0,0
01/11/2012 02:00:00,0,1.5,6.5,94,976.2,0,0
01/11/2012 03:00:00,0,0.8,6.2,95,976.3,0,0
01/11/2012 04:00:00,0,1.1,6.4,96,976.1,0,0
01/11/2012 05:00:00,0,1.3,6.4,96,976.4,0,0
01/11/2012 06:00:00,0,1.2,6.4,95,976.2,0,0
01/11/2012 07:00:00,0,1.1,6.4,96,976.8,0,0
01/11/2012 08:00:00,0,1.3,6.5,96,977.4,0,0
01/11/2012 09:00:00,0,1.6,6.6,97,977.9,0,0
01/11/2012 10:00:00,0,2.8,7.2,95,977.9,0,0
01/11/2012 11:00:00,0,3.9,7.3,90,978,0,0
01/11/2012 12:00:00,0,5.8,6.8,73,977.7,0,0
01/11/2012 13:00:00,0,7.2,6.5,63,977.4,0,0
01/11/2012 14:00:00,0,6.8,6.5,65,976.9,0,0
01/11/2012 15:00:00,0,6.3,6.5,67,976.7,0,0
01/11/2012 16:00:00,0.2,5.4,7.2,80,976.8,1,0
01/11/2012 17:00:00,0.9,4.7,7.8,90,977.6,1,0
01/11/2012 18:00:00,0.1,4.7,7.8,91,978,1,0
01/11/2012 19:00:00,0,4.6,7.6,90,978.8,0,0
01/11/2012 20:00:00,0,4.4,7.4,88,979.5,0,0
01/11/2012 21:00:00,0,4.4,7.2,86,980,0,0
01/11/2012 22:00:00,0,4.8,7.4,85,980.3,0,0
01/11/2012 23:00:00,0.1,5,7.4,84,980.7,1,0
02/11/2012 00:00:00,0,5,7.5,85,981.3,0,0
02/11/2012 01:00:00,0,5.1,7.5,85,981.7,0,0
02/11/2012 02:00:00,0,4.6,7.2,84,982.5,0,0
02/11/2012 03:00:00,0,4.4,7.1,84,982.6,0,0
02/11/2012 04:00:00,0,3.9,6.7,82,982.7,0,0
02/11/2012 05:00:00,0,3.4,6.5,83,982.9,0,0
02/11/2012 06:00:00,0,3.5,6.6,83,983,0,0
02/11/2012 07:00:00,0,3.2,6.5,84,983.6,0,0
02/11/2012 08:00:00,0,3.4,6.5,83,983.6,0,0
02/11/2012 09:00:00,0,4.2,6.7,81,984,0,0
02/11/2012 10:00:00,0,6.7,7,70,984.3,0,0
02/11/2012 11:00:00,0,7.7,7.2,68,985,0,0
02/11/2012 12:00:00,0,8.4,7.4,67,985.3,0,0
02/11/2012 13:00:00,0.3,6.6,7.3,74,986.3,1,0
02/11/2012 14:00:00,0,8.1,7.4,68,986.4,0,0
02/11/2012 15:00:00,0,7.2,7.3,72,987.4,0,0
02/11/2012 16:00:00,0,6.2,7.7,81,988.8,0,0
02/11/2012 17:00:00,0,5.4,7.3,82,989.6,0,0
02/11/2012 18:00:00,0,3.9,7.1,87,989.8,0,0
02/11/2012 19:00:00,0,2.5,6.7,91,990.1,0,0
02/11/2012 20:00:00,0,2.3,6.7,93,990.6,0,0
02/11/2012 21:00:00,0,3,6.8,89,991,0,0
02/11/2012 22:00:00,0,2.6,6.7,90,991,0,0
02/11/2012 23:00:00,0,2.6,6.4,87,990.7,0,0
03/11/2012 00:00:00,0,2,6.3,89,990.8,0,0
03/11/2012 01:00:00,0,1.9,6.3,89,990.7,0,0
03/11/2012 02:00:00,0,1.4,6.3,93,990.5,0,0
03/11/2012 03:00:00,0,1.1,6.2,93,990.4,0,0
03/11/2012 04:00:00,0,0.6,5.9,92,990.1,0,0
03/11/2012 05:00:00,0,1.4,6.1,90,990.4,0,0
03/11/2012 06:00:00,0,1.6,5.9,86,990.5,0,0
03/11/2012 07:00:00,0,1.8,6,86,990.8,0,0
03/11/2012 08:00:00,0,2,5.9,83,991.4,0,0
03/11/2012 09:00:00,0,3.2,6,77,991.5,0,0
03/11/2012 10:00:00,0,5.2,5.9,67,991.4,0,0
03/11/2012 11:00:00,0,6.3,6.2,64,991.4,0,0
03/11/2012 12:00:00,0,7.1,6.1,60,991.3,0,0
03/11/2012 13:00:00,0,7.6,6.1,57,991.2,0,0
03/11/2012 14:00:00,0,7.1,5.8,56,990.9,0,0
03/11/2012 15:00:00,0,6.9,5.9,59,990.8,0,0
03/11/2012 16:00:00,0,6.4,5.7,59,990.7,0,0
03/11/2012 17:00:00,0,5.1,6,68,990.8,0,0
03/11/2012 18:00:00,0,4.8,6,69,990.7,0,0
03/11/2012 19:00:00,0,4.1,6.2,75,991.1,0,0
03/11/2012 20:00:00,0,4.2,6.2,75,990.9,0,0
03/11/2012 21:00:00,0,5.2,6.3,71,990.9,0,0
03/11/2012 22:00:00,0,5.3,6.1,69,990.5,0,0
03/11/2012 23:00:00,0,5.3,6.1,68,990.2,0,0
04/11/2012 00:00:00,0,6.4,6,62,989.8,0,0
04/11/2012 01:00:00,0,6.7,6.4,65,989.5,0,0
04/11/2012 02:00:00,0,6.6,6.3,64,989.2,0,0
04/11/2012 03:00:00,0,7.1,6.4,63,988.7,0,0
04/11/2012 04:00:00,0,7.4,6.5,63,988.3,0,0
04/11/2012 05:00:00,0,6.9,6.9,69,988.2,0,0
04/11/2012 06:00:00,0.2,6.3,7.2,75,988,1,0
04/11/2012 07:00:00,0.1,6.8,7.5,76,988.2,1,0
04/11/2012 08:00:00,0.9,5.5,7.9,87,988.4,1,0
04/11/2012 09:00:00,0.9,5.4,7.8,86,988.5,1,0
04/11/2012 10:00:00,0.4,5.8,8,87,988.9,1,0
04/11/2012 11:00:00,0,6.6,8.5,87,989.3,0,0
04/11/2012 12:00:00,0.1,7.1,8.9,88,989.5,1,0
04/11/2012 13:00:00,0.1,7.3,8.7,84,989.9,1,0
04/11/2012 14:00:00,0.2,7.6,8.2,78,990.1,1,0
04/11/2012 15:00:00,0.1,7.6,7.8,74,990.4,1,0
04/11/2012 16:00:00,0.3,7.6,8.3,79,991.3,1,0
04/11/2012 17:00:00,1.8,6.6,8.1,83,992.1,1,1
04/11/2012 18:00:00,0,6.8,8.2,82,993.3,0,0
04/11/2012 19:00:00,0,6.1,7.7,81,994.5,0,0
04/11/2012 20:00:00,0,7.5,7.7,74,995.7,0,0
04/11/2012 21:00:00,0,7.7,7.8,74,996.7,0,0
04/11/2012 22:00:00,0,8.1,7.6,70,998,0,0
04/11/2012 23:00:00,0,7.7,6.8,64,999.3,0,0
05/11/2012 00:00:00,0,7.4,7.4,71,1000.5,0,0
05/11/2012 01:00:00,0,7.1,7.1,70,1001.8,0,0
05/11/2012 02:00:00,0,5.2,7.2,81,1003.1,0,0
05/11/2012 03:00:00,0,3.6,7,88,1004.3,0,0
05/11/2012 04:00:00,0,3.6,6.9,87,1005.4,0,0
05/11/2012 05:00:00,0,3.5,7.2,92,1006.3,0,0
05/11/2012 06:00:00,0,2.8,6.7,89,1007.6,0,0
05/11/2012 07:00:00,0,2.1,6.4,90,1008.7,0,0
05/11/2012 08:00:00,0,1.5,6.3,92,1009.8,0,0
05/11/2012 09:00:00,0,2.2,6.6,92,1010.8,0,0
05/11/2012 10:00:00,0,4,7,86,1011.7,0,0
05/11/2012 11:00:00,0,6.1,7.6,80,1012.1,0,0
05/11/2012 12:00:00,0,8.5,8,72,1012.4,0,0
05/11/2012 13:00:00,0,9.1,8.2,71,1012.7,0,0
05/11/2012 14:00:00,0,8.7,8.1,72,1013.1,0,0
05/11/2012 15:00:00,0,8.7,8.3,74,1013.6,0,0
05/11/2012 16:00:00,0,8,7.8,73,1014.2,0,0
05/11/2012 17:00:00,0,6.8,7.9,79,1015.3,0,0
05/11/2012 18:00:00,0,5.3,7.5,84,1016.1,0,0
05/11/2012 19:00:00,0,5.1,7.6,87,1017.5,0,0
05/11/2012 20:00:00,0,3.9,7.3,90,1018.2,0,0
05/11/2012 21:00:00,0,3.5,7.2,92,1019,0,0
05/11/2012 22:00:00,0,3.2,7.1,93,1019.7,0,0
05/11/2012 23:00:00,0,2.8,7,94,1020.2,0,0
06/11/2012 00:00:00,0,2.6,6.9,94,1020.7,0,0
06/11/2012 01:00:00,0,2.8,7,94,1021.1,0,0
06/11/2012 02:00:00,0,3.4,7.4,94,1020.8,0,0
06/11/2012 03:00:00,0,4.6,7.8,92,1020.7,0,0
06/11/2012 04:00:00,0,4.9,7.9,90,1020.6,0,0
06/11/2012 05:00:00,0,5.4,8.1,90,1020.9,0,0
06/11/2012 06:00:00,0,6,8.6,91,1020.8,0,0
06/11/2012 07:00:00,0.1,6.6,9.2,94,1020.8,1,0
06/11/2012 08:00:00,0,6.8,9.3,93,1021,0,0
06/11/2012 09:00:00,0,7.7,9.5,89,1021.2,0,0
06/11/2012 10:00:00,0,8.5,9.5,85,1021.6,0,0
06/11/2012 11:00:00,0,10.3,9.7,77,1021.7,0,0
06/11/2012 12:00:00,0,11.3,10.2,76,1021.8,0,0
06/11/2012 13:00:00,0,11.1,9.8,74,1022.2,0,0
06/11/2012 14:00:00,0,10.9,9.5,73,1022.5,0,0
06/11/2012 15:00:00,0,10.3,9.1,72,1022.5,0,0
06/11/2012 16:00:00,0,9.4,9.2,77,1023.2,0,0
06/11/2012 17:00:00,0,8.8,9.1,80,1023.3,0,0
06/11/2012 18:00:00,0,8.2,9,82,1023.7,0,0
06/11/2012 19:00:00,0,7.8,8.8,83,1024.2,0,0
06/11/2012 20:00:00,0,8.6,9,80,1024.4,0,0
06/11/2012 21:00:00,0,8.5,9.1,81,1024.4,0,0
06/11/2012 22:00:00,0,8.3,8.9,81,1024.4,0,0
06/11/2012 23:00:00,0,8.2,8.7,79,1024.6,0,0
07/11/2012 00:00:00,0,8.1,8.6,79,1024.8,0,0
07/11/2012 01:00:00,0,8.3,8.6,78,1024.7,0,0
07/11/2012 02:00:00,0,8.5,8.6,78,1024.2,0,0
07/11/2012 03:00:00,0,8.6,8.5,76,1024,0,0
07/11/2012 04:00:00,0,8.5,8.7,78,1023.6,0,0
07/11/2012 05:00:00,0,8.7,8.6,76,1023.5,0,0
07/11/2012 06:00:00,0,8.8,8.7,77,1023.4,0,0
07/11/2012 07:00:00,0,8.7,8.9,79,1023.1,0,0
07/11/2012 08:00:00,0,8.9,9,78,1023.1,0,0
07/11/2012 09:00:00,0,9.1,9.4,81,1023.1,0,0
07/11/2012 10:00:00,0,8.9,9.4,82,1022.9,0,0
07/11/2012 11:00:00,0,10.2,9.5,76,1022.4,0,0
07/11/2012 12:00:00,0,10.8,9.4,72,1021.8,0,0
07/11/2012 13:00:00,0,10.9,9.8,74,1021.3,0,0
07/11/2012 14:00:00,0,10.9,9.9,76,1020.5,0,0
07/11/2012 15:00:00,0,11,10.2,78,1019.9,0,0
07/11/2012 16:00:00,0,11.1,10.4,79,1019.4,0,0
07/11/2012 17:00:00,0.1,9.9,11,90,1019.4,1,0
07/11/2012 18:00:00,0,10.3,11.2,89,1019.2,0,0
07/11/2012 19:00:00,0,9.9,11,90,1019.6,0,0
07/11/2012 20:00:00,0,9.3,10.1,85,1019.5,0,0
07/11/2012 21:00:00,0,9,10,86,1019.6,0,0
07/11/2012 22:00:00,0,8.9,9.7,85,1019.5,0,0
07/11/2012 23:00:00,0.1,8.8,9.9,87,1019.3,1,0
08/11/2012 00:00:00,0,9.1,10,86,1019.4,0,0
08/11/2012 01:00:00,0,8.9,10,87,1019.3,0,0
08/11/2012 02:00:00,0,8.5,10.1,91,1019,0,0
08/11/2012 03:00:00,0,7.9,9.7,91,1018.8,0,0
08/11/2012 04:00:00,0,8.2,9.8,90,1018.7,0,0
08/11/2012 05:00:00,0,7.9,9.7,91,1018.5,0,0
08/11/2012 06:00:00,0,7.6,9.6,91,1018.6,0,0
08/11/2012 07:00:00,0,7.1,9.3,92,1018.6,0,0
08/11/2012 08:00:00,0,7.5,9.5,92,1019.5,0,0
08/11/2012 09:00:00,0,7.5,9.4,91,1019.5,0,0
08/11/2012 10:00:00,0,8.9,9.6,84,1019.6,0,0
08/11/2012 11:00:00,0,10.2,9.5,76,1019.4,0,0
08/11/2012 12:00:00,0,10.8,9.7,75,1019,0,0
08/11/2012 13:00:00,0,10.5,9.6,75,1018.6,0,0
08/11/2012 14:00:00,0,10.7,9.3,72,1017.9,0,0
08/11/2012 15:00:00,0,10.4,9.3,73,1017,0,0
08/11/2012 16:00:00,0,9.9,9.6,78,1016.5,0,0
08/11/2012 17:00:00,0,8.7,9.4,83,1015.9,0,0
08/11/2012 18:00:00,0,8.8,9.6,84,1015.3,0,0
08/11/2012 19:00:00,0,7.9,9.4,88,1014.7,0,0
08/11/2012 20:00:00,0,8.5,9.4,84,1013.9,0,0
08/11/2012 21:00:00,0,7.8,8.9,83,1013,0,0
08/11/2012 22:00:00,0,7.9,8.5,79,1012.5,0,0
08/11/2012 23:00:00,0,7.8,8.8,83,1012.1,0,0
09/11/2012 00:00:00,0,8.3,9.1,82,1011,0,0
09/11/2012 01:00:00,0,8.3,9.1,83,1010,0,0
09/11/2012 02:00:00,0,8.8,8.9,79,1009.1,0,0
09/11/2012 03:00:00,0,8.7,8.9,79,1008.2,0,0
09/11/2012 04:00:00,0.1,8.5,9.4,84,1007.3,1,0
09/11/2012 05:00:00,0.7,8.3,9.8,89,1005.3,1,0
09/11/2012 06:00:00,0.9,8.4,10,91,1005.4,1,0
09/11/2012 07:00:00,1,8.5,10.2,91,1004.1,1,0
09/11/2012 08:00:00,0.4,8.9,10.4,91,1003.2,1,0
09/11/2012 09:00:00,0.6,9.3,10.5,90,1002.4,1,0
09/11/2012 10:00:00,0.1,9.7,10.6,87,1001.6,1,0
09/11/2012 11:00:00,0.8,8.6,10.1,90,1002,1,0
09/11/2012 12:00:00,0.5,8.5,10.2,92,1001.2,1,0
09/11/2012 13:00:00,0,8.8,9.9,87,1000.5,0,0
09/11/2012 14:00:00,0,9.3,9.8,83,999.7,0,0
09/11/2012 15:00:00,0,8.7,9.2,81,999,0,0
09/11/2012 16:00:00,0,8.6,9,80,998.6,0,0
09/11/2012 17:00:00,0,8.1,8.7,80,998.6,0,0
09/11/2012 18:00:00,0,7.2,8.5,83,998.2,0,0
09/11/2012 19:00:00,0,6.9,8.3,83,998,0,0
09/11/2012 20:00:00,0,6.4,7.9,82,997.7,0,0
09/11/2012 21:00:00,0,5.6,7.8,85,997.7,0,0
09/11/2012 22:00:00,0,6,7.9,84,997.4,0,0
09/11/2012 23:00:00,0,5.6,7.6,83,997.2,0,0
10/11/2012 00:00:00,0,4.9,7.5,86,996.9,0,0
10/11/2012 01:00:00,0,4.8,7.5,87,996.3,0,0
10/11/2012 02:00:00,0,4.3,7.4,88,996.1,0,0
10/11/2012 03:00:00,0,3.8,7.4,91,995.7,0,0
10/11/2012 04:00:00,0,3.2,7.1,92,995.2,0,0
10/11/2012 05:00:00,0,3.6,7.2,90,994.9,0,0
10/11/2012 06:00:00,0,4,7.2,88,994.5,0,0
10/11/2012 07:00:00,0.1,3.4,7,90,994.2,1,0
10/11/2012 08:00:00,0,2.6,6.8,92,994.1,0,0
10/11/2012 09:00:00,0,5.7,7.7,84,994.3,0,0
10/11/2012 10:00:00,0,5.9,8.1,87,994.4,0,0
10/11/2012 11:00:00,0,6.6,8.6,88,994.7,0,0
10/11/2012 12:00:00,0,7,8.8,87,994.7,0,0
10/11/2012 13:00:00,0,8.8,8.6,75,994.5,0,0
10/11/2012 14:00:00,0.1,7.5,7.8,75,994.7,1,0
10/11/2012 15:00:00,0,6.9,7.6,76,994.9,0,0
10/11/2012 16:00:00,0,6.3,7.2,75,995.5,0,0
10/11/2012 17:00:00,0,4.8,6.9,80,996.1,0,0
10/11/2012 18:00:00,0,3,6.8,89,997.4,0,0
10/11/2012 19:00:00,0,4.2,7.1,85,998.2,0,0
10/11/2012 20:00:00,0,3.9,7,87,999,0,0
10/11/2012 21:00:00,0,3.6,7,89,999.9,0,0
10/11/2012 22:00:00,0,3.2,7,91,1000.9,0,0
10/11/2012 23:00:00,0,2.7,6.9,93,1002.1,0,0
11/11/2012 00:00:00,0,2.4,6.8,94,1003.1,0,0
11/11/2012 01:00:00,0,2.3,6.8,94,1004.1,0,0
11/11/2012 02:00:00,0,2.2,6.8,94,1004.9,0,0
11/11/2012 03:00:00,0,2,6.7,95,1006.2,0,0
11/11/2012 04:00:00,0,2,6.7,95,1007.8,0,0
11/11/2012 05:00:00,0,1.8,6.7,95,1008.2,0,0
11/11/2012 06:00:00,0,2.1,6.8,95,1009.4,0,0
11/11/2012 07:00:00,0,2.4,6.9,94,1010.7,0,0
11/11/2012 08:00:00,0,2.2,6.8,95,1011.4,0,0
11/11/2012 09:00:00,0,2.6,7,95,1012.6,0,0
11/11/2012 10:00:00,0,4.9,7.7,88,1013.3,0,0
11/11/2012 11:00:00,0,6.9,7.8,79,1013.5,0,0
11/11/2012 12:00:00,0,7.3,8.1,79,1014,0,0
11/11/2012 13:00:00,0,8.5,8.6,77,1014,0,0
11/11/2012 14:00:00,0,8.4,8.9,80,1014.5,0,0
11/11/2012 15:00:00,0,8.2,8.9,81,1014.9,0,0
11/11/2012 16:00:00,0,7.8,8.8,83,1015.1,0,0
11/11/2012 17:00:00,0,7,8.8,87,1015.4,0,0
11/11/2012 18:00:00,0,7.2,8.6,85,1015.4,0,0
11/11/2012 19:00:00,0,7,8.6,86,1015.9,0,0
11/11/2012 20:00:00,0,6.8,8.7,88,1016.1,0,0
11/11/2012 21:00:00,0.2,6.7,8.9,90,1016.3,1,0
11/11/2012 22:00:00,0.2,6.5,9,92,1016,1,0
11/11/2012 23:00:00,0.2,6.3,8.9,93,1015.6,1,0
12/11/2012 00:00:00,0,6.2,8.4,88,1014.8,0,0
12/11/2012 01:00:00,0,6.9,8.5,85,1013.8,0,0
12/11/2012 02:00:00,0,7.3,8.6,83,1013,0,0
12/11/2012 03:00:00,0,7.4,9,87,1012,0,0
12/11/2012 04:00:00,0,9.3,9.7,82,1011.2,0,0
12/11/2012 05:00:00,0.4,10,10.8,87,1010.6,1,0
12/11/2012 06:00:00,0.2,10.2,11.3,90,1010.4,1,0
12/11/2012 07:00:00,0.5,10.5,11.9,94,1010.4,1,0
12/11/2012 08:00:00,0.2,11.3,12.5,93,1011,1,0
12/11/2012 09:00:00,0,11.9,12.9,92,1011.4,0,0
12/11/2012 10:00:00,0,12.5,13.4,92,1012.4,0,0
12/11/2012 11:00:00,0,13.2,13.1,86,1013,0,0
12/11/2012 12:00:00,0,13.2,13.1,86,1013.1,0,0
12/11/2012 13:00:00,0,13.6,12.9,82,1013,0,0
12/11/2012 14:00:00,0,13.9,13,82,1012.8,0,0
12/11/2012 15:00:00,0,13.7,13,82,1013,0,0
12/11/2012 16:00:00,0,13.1,12.6,83,1013.3,0,0
12/11/2012 17:00:00,0,12.8,12.5,84,1013.7,0,0
12/11/2012 18:00:00,0,12.4,12.5,86,1014.1,0,0
12/11/2012 19:00:00,0,13.3,13,85,1014.9,0,0
12/11/2012 20:00:00,0,12.5,12.8,88,1015,0,0
12/11/2012 21:00:00,0,12.3,12.5,87,1015.6,0,0
12/11/2012 22:00:00,0,12.6,12.8,87,1015.3,0,0
12/11/2012 23:00:00,0,12.4,12.8,88,1015.9,0,0
13/11/2012 00:00:00,0,12.7,12.9,87,1015.9,0,0
13/11/2012 01:00:00,0.1,12.8,13.2,89,1015.8,1,0
13/11/2012 02:00:00,0,12.9,13.1,88,1015.3,0,0
13/11/2012 03:00:00,0,13.2,13.1,86,1015.2,0,0
13/11/2012 04:00:00,0,13.1,12.7,84,1015.1,0,0
13/11/2012 05:00:00,0,12.8,12.3,83,1015,0,0
13/11/2012 06:00:00,0,13,11.5,77,1015.7,0,0
13/11/2012 07:00:00,0,12.8,11.6,78,1015.6,0,0
13/11/2012 08:00:00,0,12.7,11.6,78,1016,0,0
13/11/2012 09:00:00,0,12.6,12,81,1016.2,0,0
13/11/2012 10:00:00,0,13.1,12.3,81,1016.4,0,0
13/11/2012 11:00:00,0,13.9,12.5,78,1016.8,0,0
13/11/2012 12:00:00,0,13.7,12.5,79,1017,0,0
13/11/2012 13:00:00,0,13.9,12.7,80,1016.8,0,0
13/11/2012 14:00:00,0,13.8,12.7,80,1016.9,0,0
13/11/2012 15:00:00,0,13.7,12.5,80,1017,0,0
13/11/2012 16:00:00,0,13.4,12.2,79,1017.2,0,0
13/11/2012 17:00:00,0,13.1,12.4,82,1017.4,0,0
13/11/2012 18:00:00,0,12.6,12.8,87,1017.9,0,0
13/11/2012 19:00:00,0.1,12.9,12.5,83,1018.2,1,0
13/11/2012 20:00:00,0,12.7,12.9,87,1018.6,0,0
13/11/2012 21:00:00,0,12.7,12.9,87,1019.1,0,0
13/11/2012 22:00:00,0.7,12.2,13.1,92,1019.4,1,0
13/11/2012 23:00:00,0.1,12.3,13,91,1019.6,1,0
14/11/2012 00:00:00,0,12.4,13,90,1019.7,0,0
14/11/2012 01:00:00,0,12.6,12.5,86,1019.9,0,0
14/11/2012 02:00:00,0,12.5,12.5,86,1020,0,0
14/11/2012 03:00:00,0,12.6,12.3,84,1020.2,0,0
14/11/2012 04:00:00,0,11.9,12,85,1020.4,0,0
14/11/2012 05:00:00,0,11.7,11.6,84,1020.5,0,0
14/11/2012 06:00:00,0,11.4,11.3,83,1021.1,0,0
14/11/2012 07:00:00,0,11.1,10.6,80,1021.7,0,0
14/11/2012 08:00:00,0,10.7,10.2,79,1022.3,0,0
14/11/2012 09:00:00,0,11.4,9.8,73,1022.8,0,0
14/11/2012 10:00:00,0,12.1,10.5,74,1023.1,0,0
14/11/2012 11:00:00,0,13,10.6,70,1023.1,0,0
14/11/2012 12:00:00,0,13.5,10.7,68,1022.8,0,0
14/11/2012 13:00:00,0,13.8,10.6,67,1022.8,0,0
14/11/2012 14:00:00,0,13.1,10.3,68,1023.1,0,0
14/11/2012 15:00:00,0,12.9,9.8,66,1023,0,0
14/11/2012 16:00:00,0,12,9.7,68,1023.2,0,0
14/11/2012 17:00:00,0,10.3,9.7,77,1023.5,0,0
14/11/2012 18:00:00,0,8.7,9.8,87,1023.8,0,0
14/11/2012 19:00:00,0,7.5,9.4,90,1024.2,0,0
14/11/2012 20:00:00,0,7.5,9.7,93,1024.5,0,0
14/11/2012 21:00:00,0,8,9.9,92,1024.5,0,0
14/11/2012 22:00:00,0,7.2,9.5,93,1024.6,0,0
14/11/2012 23:00:00,0,6.1,8.9,94,1024.3,0,0
15/11/2012 00:00:00,0,6.8,9.5,96,1024.4,0,0
15/11/2012 01:00:00,0,7.6,9.9,95,1024,0,0
15/11/2012 02:00:00,0,7.6,9.9,94,1023.7,0,0
15/11/2012 03:00:00,0,7.7,9.9,94,1023.4,0,0
15/11/2012 04:00:00,0,8.1,10.2,94,1023.2,0,0
15/11/2012 05:00:00,0,8.2,10.2,93,1022.9,0,0
15/11/2012 06:00:00,0,8.4,10.1,91,1023,0,0
15/11/2012 07:00:00,0,7.5,9.5,91,1022.8,0,0
15/11/2012 08:00:00,0,7.8,9.7,91,1022.8,0,0
15/11/2012 09:00:00,0,8.3,10.1,92,1022.7,0,0
15/11/2012 10:00:00,0,9.7,10.4,85,1022.3,0,0
15/11/2012 11:00:00,0,12.5,10.1,70,1021.7,0,0
15/11/2012 12:00:00,0,12.7,10,67,1020.9,0,0
15/11/2012 13:00:00,0,12.5,9.3,64,1020.2,0,0
15/11/2012 14:00:00,0,12.1,9,63,1019.5,0,0
15/11/2012 15:00:00,0,11.7,9.3,67,1019,0,0
15/11/2012 16:00:00,0,11.1,9.3,70,1018.9,0,0
15/11/2012 17:00:00,0,10.2,9.6,77,1018.8,0,0
15/11/2012 18:00:00,0,8.7,9.4,83,1018.5,0,0
15/11/2012 19:00:00,0,7.4,9.2,89,1018.4,0,0
15/11/2012 20:00:00,0,8.1,9.8,90,1018.5,0,0
15/11/2012 21:00:00,0,8.8,10,88,1018.3,0,0
15/11/2012 22:00:00,0,8.2,9.5,87,1017.9,0,0
15/11/2012 23:00:00,0,6.5,8.8,90,1017.8,0,0
16/11/2012 00:00:00,0,5.9,8.7,93,1017.5,0,0
16/11/2012 01:00:00,0,6.7,9.2,93,1016.5,0,0
16/11/2012 02:00:00,0,5.1,8.2,93,1016.3,0,0
16/11/2012 03:00:00,0,5.1,8.3,94,1016,0,0
16/11/2012 04:00:00,0,4.7,8.1,94,1015.3,0,0
16/11/2012 05:00:00,0,4.3,7.9,95,1014.9,0,0
16/11/2012 06:00:00,0,4.8,8.2,95,1015,0,0
16/11/2012 07:00:00,0,5.4,8.6,96,1014.5,0,0
16/11/2012 08:00:00,0,5.1,8.4,95,1013.9,0,0
16/11/2012 09:00:00,0,4.6,8.2,96,1013.7,0,0
16/11/2012 10:00:00,0,5.2,8.4,95,1013.2,0,0
16/11/2012 11:00:00,0,6.5,9.3,95,1013.1,0,0
16/11/2012 12:00:00,0,7.3,9.6,93,1012.1,0,0
16/11/2012 13:00:00,0,8,9.8,91,1011.3,0,0
16/11/2012 14:00:00,0,7.7,9.7,92,1010.6,0,0
16/11/2012 15:00:00,0,8.1,9.6,89,1009.8,0,0
16/11/2012 16:00:00,0,8.1,9.4,87,1009.8,0,0
16/11/2012 17:00:00,0,7.9,9.2,86,1009.4,0,0
16/11/2012 18:00:00,0,7.5,9,86,1009.1,0,0
16/11/2012 19:00:00,0,7.4,9.1,88,1008.9,0,0
16/11/2012 20:00:00,0,7.4,9.2,89,1008.7,0,0
16/11/2012 21:00:00,0,6.8,9.2,93,1008.3,0,0
16/11/2012 22:00:00,0,6.7,9.1,92,1008.1,0,0
16/11/2012 23:00:00,0.1,6.6,9.1,93,1007.8,1,0
17/11/2012 00:00:00,0.3,6.5,9.1,94,1007.8,1,0
17/11/2012 01:00:00,0,6.4,9.1,94,1007.3,0,0
17/11/2012 02:00:00,0,6.6,9.3,95,1007.1,0,0
17/11/2012 03:00:00,0.1,6.6,9.2,94,1007,1,0
17/11/2012 04:00:00,0,6.1,8.8,94,1007.1,0,0
17/11/2012 05:00:00,0,5,8.2,94,1007.2,0,0
17/11/2012 06:00:00,0,4.6,8.2,96,1007.5,0,0
17/11/2012 07:00:00,0,4.2,7.9,95,1007.7,0,0
17/11/2012 08:00:00,0,3.7,7.6,95,1007.8,0,0
17/11/2012 09:00:00,0,3.6,7.5,94,1008.1,0,0
17/11/2012 10:00:00,0,5.8,7.6,82,1008.2,0,0
17/11/2012 11:00:00,0,6.7,7.5,76,1008.4,0,0
17/11/2012 12:00:00,0,7.2,7.7,75,1008.2,0,0
17/11/2012 13:00:00,0,7.3,7.5,73,1008,0,0
17/11/2012 14:00:00,0,7.3,7.2,70,1007.9,0,0
17/11/2012 15:00:00,0,7.1,6.9,68,1007.9,0,0
17/11/2012 16:00:00,0,6.4,6.8,71,1008.4,0,0
17/11/2012 17:00:00,0.4,3.8,6.9,85,1008.9,1,0
17/11/2012 18:00:00,0,3.1,6.8,88,1009.3,0,0
17/11/2012 19:00:00,0,3.5,6.7,85,1009.8,0,0
17/11/2012 20:00:00,0,3.5,6.8,86,1010.1,0,0
17/11/2012 21:00:00,0.1,3.4,6.7,85,1010.4,1,0
17/11/2012 22:00:00,0,3.3,6.6,85,1010.5,0,0
17/11/2012 23:00:00,0,3.1,6.6,86,1010.9,0,0
18/11/2012 00:00:00,0,2.8,6.4,86,1011.1,0,0
18/11/2012 01:00:00,0,2.5,6.3,86,1011.5,0,0
18/11/2012 02:00:00,0,1.6,6.1,89,1011.7,0,0
18/11/2012 03:00:00,0,0.5,5.9,93,1011.8,0,0
18/11/2012 04:00:00,0,-0.2,5.7,95,1011.9,0,0
18/11/2012 05:00:00,0,0,5.8,95,1011.9,0,0
18/11/2012 06:00:00,0,0,5.9,97,1012,0,0
18/11/2012 07:00:00,0,0.1,5.9,95,1012.2,0,0
18/11/2012 08:00:00,0,-0.3,5.7,95,1012.5,0,0
18/11/2012 09:00:00,0,0.1,5.9,95,1012.6,0,0
18/11/2012 10:00:00,0,2.6,7,95,1012.2,0,0
18/11/2012 11:00:00,0,5.3,7.3,82,1012.1,0,0
18/11/2012 12:00:00,0,7,6.8,68,1011.4,0,0
18/11/2012 13:00:00,0,7.7,6.5,61,1010.9,0,0
18/11/2012 14:00:00,0,7.9,7.2,67,1010,0,0
18/11/2012 15:00:00,0,7.4,7.7,74,1009.2,0,0
18/11/2012 16:00:00,0.1,7.1,7.9,78,1008.7,1,0
18/11/2012 17:00:00,0.7,6.4,8.2,85,1007.8,1,0
18/11/2012 18:00:00,0.9,6.7,8.5,86,1006.7,1,0
18/11/2012 19:00:00,0.6,6.6,8.4,86,1005.1,1,0
18/11/2012 20:00:00,0.3,7.5,8.7,84,1003,1,0
18/11/2012 21:00:00,0.2,9.1,9.2,79,1001.3,1,0
18/11/2012 22:00:00,0.5,9.5,10,83,1000.5,1,0
18/11/2012 23:00:00,0.1,10.8,9.8,76,1000,1,0
19/11/2012 00:00:00,0,11.5,10.4,77,999.8,0,0
19/11/2012 01:00:00,0,11.7,10.7,78,999,0,0
19/11/2012 02:00:00,0,11.9,10.7,76,998.6,0,0
19/11/2012 03:00:00,0,11.9,10.6,76,997.5,0,0
19/11/2012 04:00:00,0.3,11.9,10.7,77,996.5,1,0
19/11/2012 05:00:00,0.7,11.6,11.2,81,995.8,1,0
19/11/2012 06:00:00,0.7,11.8,11.2,81,995,1,0
19/11/2012 07:00:00,0.1,12.1,11.3,80,994.8,1,0
19/11/2012 08:00:00,0,12.6,11.2,77,994.3,0,0
19/11/2012 09:00:00,0,12.8,11.7,79,994,0,0
19/11/2012 10:00:00,0,13.1,12.3,81,994.1,0,0
19/11/2012 11:00:00,0,13.9,12.5,78,994.1,0,0
19/11/2012 12:00:00,0,14.4,12.1,74,994,0,0
19/11/2012 13:00:00,0,13.4,11.1,72,994.4,0,0
19/11/2012 14:00:00,0,13.3,11.1,73,995,0,0
19/11/2012 15:00:00,0,12.9,11,73,995.8,0,0
19/11/2012 16:00:00,0,12.5,10.8,74,996.9,0,0
19/11/2012 17:00:00,0,12.2,10.6,74,997.7,0,0
19/11/2012 18:00:00,0,11.2,10.3,77,997.8,0,0
19/11/2012 19:00:00,0,10.9,10,76,999.4,0,0
19/11/2012 20:00:00,0,10.3,9.8,78,999.2,0,0
19/11/2012 21:00:00,0,10.7,10.2,79,999.6,0,0
19/11/2012 22:00:00,0,9.8,9.9,82,999.4,0,0
19/11/2012 23:00:00,0,10.6,10.3,80,999.4,0,0
20/11/2012 00:00:00,0,9.9,10.1,82,999.2,0,0
20/11/2012 01:00:00,0,10.8,10.2,78,999.1,0,0
20/11/2012 02:00:00,0,10.9,10.2,78,998.3,0,0
20/11/2012 03:00:00,0,11.3,10.3,76,997.1,0,0
20/11/2012 04:00:00,0,11,11.3,86,996.4,0,0
20/11/2012 05:00:00,0,12.1,10.8,76,995.6,0,0
20/11/2012 06:00:00,0,12.3,11.6,80,994.4,0,0
20/11/2012 07:00:00,0,12.2,12,83,994,0,0
20/11/2012 08:00:00,0,12.6,11.6,79,993.5,0,0
20/11/2012 09:00:00,0,12.8,11.8,79,993.4,0,0
20/11/2012 10:00:00,0,13,12.1,80,993.8,0,0
20/11/2012 11:00:00,0,12.5,10,68,994.9,0,0
20/11/2012 12:00:00,0,12.1,9.2,65,995.3,0,0
20/11/2012 13:00:00,0,12.4,9,62,995.6,0,0
20/11/2012 14:00:00,0,12.1,8.5,60,996,0,0
20/11/2012 15:00:00,0,11.4,7.9,58,996.8,0,0
20/11/2012 16:00:00,0,10.4,7.4,58,997.7,0,0
20/11/2012 17:00:00,0,9.5,7.2,60,998.2,0,0
20/11/2012 18:00:00,0,9.1,7.5,65,999.5,0,0
20/11/2012 19:00:00,0,8.6,7.4,66,1000.7,0,0
20/11/2012 20:00:00,0,7.6,7.2,69,1002.2,0,0
20/11/2012 21:00:00,0,7.1,7.2,71,1003,0,0
20/11/2012 22:00:00,0,7.3,7.4,72,1003.2,0,0
20/11/2012 23:00:00,0,7.1,7.4,74,1004.1,0,0
21/11/2012 00:00:00,0,6.8,7.5,76,1004.2,0,0
21/11/2012 01:00:00,0,6,7.3,77,1004.6,0,0
21/11/2012 02:00:00,0,5.4,7.4,82,1004.6,0,0
21/11/2012 03:00:00,0,5.4,7.2,80,1004.6,0,0
21/11/2012 04:00:00,0,4.9,7.1,81,1004.3,0,0
21/11/2012 05:00:00,0,4.9,7.1,81,1004.5,0,0
21/11/2012 06:00:00,0,4.6,7.3,86,1004.6,0,0
21/11/2012 07:00:00,0,3.6,7.2,91,1005,0,0
21/11/2012 08:00:00,0,3.2,7.2,93,1005.7,0,0
21/11/2012 09:00:00,0,3.4,7.3,93,1005.8,0,0
21/11/2012 10:00:00,0,6.6,8.1,83,1006.2,0,0
21/11/2012 11:00:00,0,9.8,8.1,66,1006,0,0
21/11/2012 12:00:00,0,10.2,7.9,63,1005.6,0,0
21/11/2012 13:00:00,0,10.1,7.6,61,1005.6,0,0
21/11/2012 14:00:00,0,9.5,7.8,65,1005.7,0,0
21/11/2012 15:00:00,0,9.3,7.8,66,1005.7,0,0
21/11/2012 16:00:00,0,8.9,7.6,66,1005.1,0,0
21/11/2012 17:00:00,0,8.6,7.8,70,1005,0,0
21/11/2012 18:00:00,0,9.5,8.6,72,1004.5,0,0
21/11/2012 19:00:00,0,10.4,9.2,73,1004.4,0,0
21/11/2012 20:00:00,0.3,10.2,10.2,81,1004.4,1,0
21/11/2012 21:00:00,2.2,8.9,10.5,92,1004.1,1,1
21/11/2012 22:00:00,0,8.7,10.2,91,1003.4,0,0
21/11/2012 23:00:00,0.1,10,10.2,82,1002.8,1,0
22/11/2012 00:00:00,0,11,10.3,78,1001.9,0,0
22/11/2012 01:00:00,0,11.1,10.4,78,1000.6,0,0
22/11/2012 02:00:00,0,11.5,10,73,999.5,0,0
22/11/2012 03:00:00,0,11.6,10.2,74,997.7,0,0
22/11/2012 04:00:00,0.2,11.8,10.6,76,996,1,0
22/11/2012 05:00:00,0,12.2,10.4,73,995,0,0
22/11/2012 06:00:00,0,12,10.5,74,995,0,0
22/11/2012 07:00:00,0.7,10.8,11.3,87,995.3,1,0
22/11/2012 08:00:00,1.4,10,10,81,995,1,1
22/11/2012 09:00:00,2.3,7.8,9.5,89,996.2,1,1
22/11/2012 10:00:00,1,7,8.5,85,996,1,0
22/11/2012 11:00:00,0.1,7.2,8.5,84,995.3,1,0
22/11/2012 12:00:00,0,7,8.5,84,994.7,0,0
22/11/2012 13:00:00,0.5,6.4,8.5,88,994.1,1,0
22/11/2012 14:00:00,0.7,6,8.4,89,994,1,0
22/11/2012 15:00:00,0.1,6.3,8.2,86,993.3,1,0
22/11/2012 16:00:00,0,6.2,7.7,80,993.9,0,0
22/11/2012 17:00:00,0,6.2,7.6,80,994.1,0,0
22/11/2012 18:00:00,0,6.4,7.7,80,994.1,0,0
22/11/2012 19:00:00,0,7.1,7.4,73,994.4,0,0
22/11/2012 20:00:00,0,6.5,7.1,73,994.9,0,0
22/11/2012 21:00:00,0,5.8,7.4,80,996,0,0
22/11/2012 22:00:00,0,5.5,7.4,81,996.8,0,0
22/11/2012 23:00:00,0,5.4,7.4,83,997.8,0,0
23/11/2012 00:00:00,0,5.6,7.3,80,999.1,0,0
23/11/2012 01:00:00,0,5.3,7.3,81,1000.5,0,0
23/11/2012 02:00:00,0,5.5,7.3,81,1001.8,0,0
23/11/2012 03:00:00,0,5,7.2,82,1002.5,0,0
23/11/2012 04:00:00,0,5,7.2,82,1003.2,0,0
23/11/2012 05:00:00,0,4.5,7.1,84,1003.9,0,0
23/11/2012 06:00:00,0,4.7,7.1,83,1004.1,0,0
23/11/2012 07:00:00,0,3.9,7,86,1004.8,0,0
23/11/2012 08:00:00,0,4.7,7,81,1005.6,0,0
23/11/2012 09:00:00,0,5.2,7,79,1006.2,0,0
23/11/2012 10:00:00,0,5.9,6.9,73,1006.8,0,0
23/11/2012 11:00:00,0,6.9,7.1,71,1007.2,0,0
23/11/2012 12:00:00,0,7.6,7.2,68,1007.2,0,0
23/11/2012 13:00:00,0,7.6,7.4,71,1007.6,0,0
23/11/2012 14:00:00,0,7.3,7.4,71,1007.8,0,0
23/11/2012 15:00:00,0,7.1,7.3,72,1008.4,0,0
23/11/2012 16:00:00,0,6.2,7.1,74,1009,0,0
23/11/2012 17:00:00,0,5.3,7,78,1009.8,0,0
23/11/2012 18:00:00,0,3.9,6.8,84,1010.9,0,0
23/11/2012 19:00:00,0,3,6.8,89,1011.6,0,0
23/11/2012 20:00:00,0,2.8,6.7,89,1012.2,0,0
23/11/2012 21:00:00,0,2.9,6.8,89,1012.9,0,0
23/11/2012 22:00:00,0,1.4,6.3,93,1013.4,0,0
23/11/2012 23:00:00,0,0.9,6.3,96,1013.8,0,0
24/11/2012 00:00:00,0,0.5,5.9,94,1014.4,0,0
24/11/2012 01:00:00,0,1.5,6.3,92,1013.9,0,0
24/11/2012 02:00:00,0,0.7,6,92,1014.2,0,0
24/11/2012 03:00:00,0,0,5.8,95,1014.5,0,0
24/11/2012 04:00:00,0,-0.6,5.6,96,1014.2,0,0
24/11/2012 05:00:00,0,-0.8,5.6,97,1014.1,0,0
24/11/2012 06:00:00,0,-0.9,5.5,96,1013.7,0,0
24/11/2012 07:00:00,0,-1.4,5.3,96,1013.7,0,0
24/11/2012 08:00:00,0,-0.8,5.6,96,1013.9,0,0
24/11/2012 09:00:00,0,-0.8,5.5,95,1013.2,0,0
24/11/2012 10:00:00,0,0.2,6,96,1012.9,0,0
24/11/2012 11:00:00,0,1.6,6.6,95,1012.4,0,0
24/11/2012 12:00:00,0,3.4,7.4,95,1011.2,0,0
24/11/2012 13:00:00,0,3.9,7.6,93,1010.3,0,0
24/11/2012 14:00:00,0,4.4,7.9,94,1008.9,0,0
24/11/2012 15:00:00,0,4.6,7.9,93,1007.7,0,0
24/11/2012 16:00:00,0,4.3,7.7,92,1007,0,0
24/11/2012 17:00:00,0,4.6,7.6,90,1005.9,0,0
24/11/2012 18:00:00,0,4.9,7.7,89,1005,0,0
24/11/2012 19:00:00,0.8,5.1,8.1,92,1004.2,1,0
24/11/2012 20:00:00,0.9,4.7,8,93,1003.5,1,0
24/11/2012 21:00:00,1.2,4.3,7.8,93,1002.9,1,1
24/11/2012 22:00:00,1.2,4.5,8,95,1002.5,1,1
24/11/2012 23:00:00,1.1,4.3,7.8,93,1001.9,1,1
25/11/2012 00:00:00,0.3,4.2,7.6,92,1001.7,1,0
25/11/2012 01:00:00,0,4.1,7.5,91,1001.6,0,0
25/11/2012 02:00:00,0,3.9,7.4,92,1001.7,0,0
25/11/2012 03:00:00,0,3.9,7.5,92,1002,0,0
25/11/2012 04:00:00,0,2.9,7,93,1002,0,0
25/11/2012 05:00:00,0,1.8,6.7,96,1002.3,0,0
25/11/2012 06:00:00,0,1.5,6.6,96,1002.2,0,0
25/11/2012 07:00:00,0,1.4,6.5,96,1002.2,0,0
25/11/2012 08:00:00,0,0.4,6,95,1002.7,0,0
25/11/2012 09:00:00,0,0,5.9,96,1002.8,0,0
25/11/2012 10:00:00,0,1.7,6.6,95,1002.6,0,0
25/11/2012 11:00:00,0,4.1,7.2,88,1002.4,0,0
25/11/2012 12:00:00,0,3.9,7.1,88,1002.2,0,0
25/11/2012 13:00:00,0,5.2,7.6,86,1001.3,0,0
25/11/2012 14:00:00,0,5.9,7.7,83,1000.8,0,0
25/11/2012 15:00:00,0.2,5.2,7.8,88,1000.1,1,0
25/11/2012 16:00:00,2,5.1,8.2,93,1000,1,1
25/11/2012 17:00:00,4.6,5.1,7.5,85,1000,1,1
25/11/2012 18:00:00,1.4,4.8,7.7,90,999.6,1,1
25/11/2012 19:00:00,0.8,5.1,7.7,87,999.2,1,0
25/11/2012 20:00:00,0.9,5.7,7.9,86,999,1,0
25/11/2012 21:00:00,2.8,5.6,7.7,84,999,1,1
25/11/2012 22:00:00,3.7,5,7.7,88,999.4,1,1
25/11/2012 23:00:00,2.7,4.9,7.9,90,999.7,1,1
26/11/2012 00:00:00,1.9,4.9,8,92,1000,1,1
26/11/2012 01:00:00,2,4.9,8,93,1000.5,1,1
26/11/2012 02:00:00,2.8,4.8,8,92,1000.7,1,1
26/11/2012 03:00:00,2.1,4.8,8,93,1001.2,1,1
26/11/2012 04:00:00,0.7,4.9,8,92,1001.7,1,0
26/11/2012 05:00:00,0.3,5.1,7.8,89,1002.3,1,0
26/11/2012 06:00:00,0,5.1,7.5,86,1002.8,0,0
26/11/2012 07:00:00,0,5.1,7.6,86,1003.6,0,0
26/11/2012 08:00:00,0,5.2,7.3,82,1004.4,0,0
26/11/2012 09:00:00,0.2,5.1,7.6,86,1005.4,1,0
26/11/2012 10:00:00,0,5.6,7.4,81,1006.3,0,0
26/11/2012 11:00:00,0,5.7,7.5,81,1007,0,0
26/11/2012 12:00:00,0,6.8,7.6,77,1007.4,0,0
26/11/2012 13:00:00,0,6.5,7.3,75,1007.6,0,0
26/11/2012 14:00:00,0,7.6,7.3,69,1007.8,0,0
26/11/2012 15:00:00,0,7.1,7.1,70,1008.5,0,0
26/11/2012 16:00:00,0.1,6.4,7.2,75,1009.2,1,0
26/11/2012 17:00:00,0,6.6,7.7,79,1009.8,0,0
26/11/2012 18:00:00,0,6.6,7.7,79,1010.4,0,0
26/11/2012 19:00:00,0,5.9,7.4,79,1011,0,0
26/11/2012 20:00:00,0,5.2,7.1,80,1011.3,0,0
26/11/2012 21:00:00,0,4.7,6.9,80,1011.6,0,0
26/11/2012 22:00:00,0,4.6,6.9,81,1011.8,0,0
26/11/2012 23:00:00,0,4.3,6.8,81,1012.1,0,0
27/11/2012 00:00:00,0,4.4,6.5,77,1011.8,0,0
27/11/2012 01:00:00,0,3.9,6.3,78,1011.8,0,0
27/11/2012 02:00:00,0,3.9,6.2,77,1011.7,0,0
27/11/2012 03:00:00,0,3.5,6.2,78,1011.9,0,0
27/11/2012 04:00:00,0,3.1,6.1,79,1012.3,0,0
27/11/2012 05:00:00,0,3.3,6.1,78,1012.5,0,0
27/11/2012 06:00:00,0,3.6,6.3,79,1013,0,0
27/11/2012 07:00:00,0,3.9,6.4,79,1013.7,0,0
27/11/2012 08:00:00,0,3.6,6.3,80,1014.2,0,0
27/11/2012 09:00:00,0,3.7,6.2,78,1015.2,0,0
27/11/2012 10:00:00,0,4.9,6.5,75,1016,0,0
27/11/2012 11:00:00,0,5.4,6.5,73,1016.5,0,0
27/11/2012 12:00:00,0,6.4,6.6,68,1016.6,0,0
27/11/2012 13:00:00,0,6.7,6.4,64,1016.7,0,0
27/11/2012 14:00:00,0,6.6,6.3,65,1017,0,0
27/11/2012 15:00:00,0,6.3,6.3,66,1017.4,0,0
27/11/2012 16:00:00,0,5.3,6.3,70,1018,0,0
27/11/2012 17:00:00,0,3.5,6.3,79,1018.6,0,0
27/11/2012 18:00:00,0,3.1,6.3,81,1019.2,0,0
27/11/2012 19:00:00,0,2.2,6.2,85,1019.6,0,0
27/11/2012 20:00:00,0,1.9,6.2,88,1020.1,0,0
27/11/2012 21:00:00,0,1.7,6.3,91,1020.2,0,0
27/11/2012 22:00:00,0,1,6.2,93,1020.4,0,0
27/11/2012 23:00:00,0,1.4,6.3,93,1020.5,0,0
28/11/2012 00:00:00,0,1.5,6.2,91,1020.5,0,0
28/11/2012 01:00:00,0,1.1,6.1,92,1020.5,0,0
28/11/2012 02:00:00,0,0.5,5.9,93,1020.5,0,0
28/11/2012 03:00:00,0,0.2,5.8,94,1020.7,0,0
28/11/2012 04:00:00,0,-0.1,5.8,95,1020.9,0,0
28/11/2012 05:00:00,0,-0.4,5.7,95,1020.9,0,0
28/11/2012 06:00:00,0,-0.4,5.7,96,1021,0,0
28/11/2012 07:00:00,0,-0.2,5.7,95,1021.3,0,0
28/11/2012 08:00:00,0,-0.4,5.7,95,1021.7,0,0
28/11/2012 09:00:00,0,-0.7,5.6,95,1021.9,0,0
28/11/2012 10:00:00,0,0.6,6.1,95,1022.2,0,0
28/11/2012 11:00:00,,,,,,1,1
28/11/2012 12:00:00,,,,,,1,1
28/11/2012 13:00:00,,5.3,,,1021.8,1,1
28/11/2012 14:00:00,0,5.2,,,1021.6,0,0
28/11/2012 15:00:00,0,5.2,7,79,1021.5,0,0
28/11/2012 16:00:00,0,4.3,6.9,83,1021.4,0,0
28/11/2012 17:00:00,0,2.7,6.5,87,1021.4,0,0
28/11/2012 18:00:00,0,1.8,6.4,91,1021.6,0,0
28/11/2012 19:00:00,0,1.7,6.3,91,1021.6,0,0
28/11/2012 20:00:00,0,0.8,5.9,92,1021.6,0,0
28/11/2012 21:00:00,0,0.7,6,93,1021.7,0,0
28/11/2012 22:00:00,0,0.5,5.9,94,1021.5,0,0
28/11/2012 23:00:00,0,0.5,5.9,93,1021.4,0,0
29/11/2012 00:00:00,0,0.6,6,93,1020.8,0,0
29/11/2012 01:00:00,0,-0.3,5.7,95,1020.4,0,0
29/11/2012 02:00:00,0,-0.3,5.7,95,1019.8,0,0
29/11/2012 03:00:00,0,-0.2,5.7,95,1019.7,0,0
29/11/2012 04:00:00,0,-0.1,5.8,94,1019.2,0,0
29/11/2012 05:00:00,0,-0.2,5.7,95,1018.9,0,0
29/11/2012 06:00:00,0,0,5.9,96,1018.6,0,0
29/11/2012 07:00:00,0,0.2,5.9,95,1018.1,0,0
29/11/2012 08:00:00,0,-0.4,5.7,96,1017.6,0,0
29/11/2012 09:00:00,0,0.6,6.2,96,1017.3,0,0
29/11/2012 10:00:00,0,1.4,6.4,94,1016.7,0,0
29/11/2012 11:00:00,0,2.6,6.6,89,1016.6,0,0
29/11/2012 12:00:00,0,4,6.8,83,1015.8,0,0
29/11/2012 13:00:00,,4.2,7.1,86,1014.8,1,1
29/11/2012 14:00:00,0,4.4,7.2,85,1014.2,0,0
29/11/2012 15:00:00,0,3.8,7.1,88,1013.8,0,0
29/11/2012 16:00:00,0,3.2,7,90,1013.4,0,0
29/11/2012 17:00:00,0,2.7,6.9,92,1013.3,0,0
29/11/2012 18:00:00,0,2.5,6.9,93,1012.9,0,0
29/11/2012 19:00:00,0,1.9,6.7,95,1012.9,0,0
29/11/2012 20:00:00,0,1.5,6.6,97,1012.5,0,0
29/11/2012 21:00:00,0,1.5,6.5,96,1012.6,0,0
29/11/2012 22:00:00,0,1,6.4,97,1012.5,0,0
29/11/2012 23:00:00,0,0.7,6.2,97,1012.2,0,0
30/11/2012 00:00:00,0,0.7,6.2,95,1012.2,0,0
30/11/2012 01:00:00,0,0,5.8,95,1012.1,0,0
30/11/2012 02:00:00,0,-0.6,5.6,95,1011.8,0,0
30/11/2012 03:00:00,0,0.1,5.9,95,1011.3,0,0
30/11/2012 04:00:00,0,0.2,5.9,95,1011,0,0
30/11/2012 05:00:00,0,0.2,6,96,1011,0,0
30/11/2012 06:00:00,0,0.6,6.1,95,1010.8,0,0
30/11/2012 07:00:00,0,-0.1,5.8,95,1010.7,0,0
30/11/2012 08:00:00,0,-0.9,5.5,95,1011.1,0,0
30/11/2012 09:00:00,0,0.2,6,96,1011.3,0,0
30/11/2012 10:00:00,0,0.9,6.2,95,1011.6,0,0
30/11/2012 11:00:00,0,2.4,6.7,92,1012,0,0
30/11/2012 12:00:00,0,5.8,6.6,71,1011.7,0,0
30/11/2012 13:00:00,0,7.5,6.4,61,1011.9,0,0
30/11/2012 14:00:00,0,7.5,6.8,65,1012,0,0
30/11/2012 15:00:00,0,6.5,7.3,75,1012.6,0,0
30/11/2012 16:00:00,0,6.4,7.5,77,1013.2,0,0
30/11/2012 17:00:00,0,5.1,7.3,82,1013.7,0,0
30/11/2012 18:00:00,0,3.9,7,87,1014.5,0,0
30/11/2012 19:00:00,0,1.6,6.2,91,1015,0,0
30/11/2012 20:00:00,0,1.3,6.5,96,1015,0,0
30/11/2012 21:00:00,0,0.4,6.1,96,1016,0,0
30/11/2012 22:00:00,0,0.6,6.1,96,1016.5,0,0
30/11/2012 23:00:00,0,1.1,6.3,95,1016.7,0,0
01/12/2012 00:00:00,0,1.1,6.3,95,1016.7,0,0
01/01/2013 00:00:00,0,3.1,6.8,88,1000.2,0,0
01/01/2013 01:00:00,0,3.3,6.6,85,1000.8,0,0
01/01/2013 02:00:00,0,2.9,6.7,88,1001.2,0,0
01/01/2013 03:00:00,0,2.7,6.6,89,1001.8,0,0
01/01/2013 04:00:00,0.1,2.5,6.6,90,1002.5,1,0
01/01/2013 05:00:00,0,2.4,6.5,89,1003.1,0,0
01/01/2013 06:00:00,0,2,6.4,89,1004,0,0
01/01/2013 07:00:00,0,1.9,6.3,90,1004.8,0,0
01/01/2013 08:00:00,0,2,6.3,89,1005.9,0,0
01/01/2013 09:00:00,0,2,6.3,89,1007.1,0,0
01/01/2013 10:00:00,0,2.7,6.4,86,1008.2,0,0
01/01/2013 11:00:00,0,3.6,6.7,84,1009,0,0
01/01/2013 12:00:00,0,4.8,7,80,1009.8,0,0
01/01/2013 13:00:00,0,5.5,7.1,79,1010,0,0
01/01/2013 14:00:00,0,5.8,7.4,80,1010.6,0,0
01/01/2013 15:00:00,0,6,7.4,79,1011.5,0,0
01/01/2013 16:00:00,0,6.1,7.4,78,1012.9,0,0
01/01/2013 17:00:00,0,5.6,7.4,80,1013.7,0,0
01/01/2013 18:00:00,0,5.4,7.4,83,1014.7,0,0
01/01/2013 19:00:00,0,4.3,7.2,86,1016.2,0,0
01/01/2013 20:00:00,0,4.8,7.4,85,1017.1,0,0
01/01/2013 21:00:00,0,5.1,7.4,83,1017.5,0,0
01/01/2013 22:00:00,0,5.5,7.4,82,1018.3,0,0
01/01/2013 23:00:00,0,5.8,7.6,82,1018.7,0,0
02/01/2013 00:00:00,0,5.7,7.7,84,1019,0,0
02/01/2013 01:00:00,0,6.1,8.1,86,1018.7,0,0
02/01/2013 02:00:00,0,6.7,8.5,86,1018.7,0,0
02/01/2013 03:00:00,0,7.3,8.9,87,1018.8,0,0
02/01/2013 04:00:00,0,7.9,9.5,89,1018.4,0,0
02/01/2013 05:00:00,0,8.4,9.9,89,1018.3,0,0
02/01/2013 06:00:00,0,8.7,10.2,90,1018.2,0,0
02/01/2013 07:00:00,0,9.2,10.6,91,1017.9,0,0
02/01/2013 08:00:00,0,9.8,11,90,1018.3,0,0
02/01/2013 09:00:00,0,10,11.2,91,1019.1,0,0
02/01/2013 10:00:00,0,10.5,11.7,92,1019.4,0,0
02/01/2013 11:00:00,0,11.2,12,90,1019.8,0,0
02/01/2013 12:00:00,0,11.2,12.3,92,1020.6,0,0
02/01/2013 13:00:00,0,11.3,12.4,93,1020.7,0,0
02/01/2013 14:00:00,0,11.9,12.3,88,1020.5,0,0
02/01/2013 15:00:00,0,12.2,12.3,87,1020.8,0,0
02/01/2013 16:00:00,0,11.9,12.2,87,1022.1,0,0
02/01/2013 17:00:00,0,11.7,12.1,88,1022.5,0,0
02/01/2013 18:00:00,0,11.8,12.1,87,1023,0,0
02/01/2013 19:00:00,0,11.8,12.3,88,1023.4,0,0
02/01/2013 20:00:00,0,11.6,12,87,1023.4,0,0
02/01/2013 21:00:00,0,11.5,12,88,1024,0,0
02/01/2013 22:00:00,0,11.4,12,88,1024.5,0,0
02/01/2013 23:00:00,0,11.6,12,88,1025.2,0,0
03/01/2013 00:00:00,0,11.5,11.9,88,1025.8,0,0
03/01/2013 01:00:00,0,11.3,11.9,89,1025.8,0,0
03/01/2013 02:00:00,0,11.3,12,89,1026.6,0,0
03/01/2013 03:00:00,0,11.3,12.1,90,1027.2,0,0
03/01/2013 04:00:00,0,11.3,12.2,91,1027.7,0,0
03/01/2013 05:00:00,0,11.2,12.2,91,1027.8,0,0
03/01/2013 06:00:00,0,11.1,12.3,92,1028.1,0,0
03/01/2013 07:00:00,0,11.2,12.1,91,1028.9,0,0
03/01/2013 08:00:00,0,11.3,12.1,90,1029.6,0,0
03/01/2013 09:00:00,0,11.1,12.4,93,1030.1,0,0
03/01/2013 10:00:00,0,11.6,12.3,90,1030.1,0,0
03/01/2013 11:00:00,0,12.4,12.2,85,1030,0,0
03/01/2013 12:00:00,0,12.8,12.1,81,1030.2,0,0
03/01/2013 13:00:00,0,12.6,12.1,83,1030.2,0,0
03/01/2013 14:00:00,0,12.6,12.1,83,1030.3,0,0
03/01/2013 15:00:00,0,12,11.8,84,1030.4,0,0
03/01/2013 16:00:00,0,11.5,11.7,86,1031.4,0,0
03/01/2013 17:00:00,0,11.7,11.8,86,1032.3,0,0
03/01/2013 18:00:00,0,11.4,11.7,86,1032.4,0,0
03/01/2013 19:00:00,0,11.4,11.6,86,1033,0,0
03/01/2013 20:00:00,0,10.7,11.1,86,1033.1,0,0
03/01/2013 21:00:00,0,11.1,11,83,1033.5,0,0
03/01/2013 22:00:00,0,11,10.9,83,1033.7,0,0
03/01/2013 23:00:00,0,10.8,10.9,83,1033.9,0,0
04/01/2013 00:00:00,0,10.5,10.8,85,1034.3,0,0
04/01/2013 01:00:00,0,10.5,10.8,85,1034.4,0,0
04/01/2013 02:00:00,0,10.6,10.8,85,1034.6,0,0
04/01/2013 03:00:00,0,10.3,10.9,86,1034.9,0,0
04/01/2013 04:00:00,0,10.3,10.4,82,1034.8,0,0
04/01/2013 05:00:00,0,9.9,9.7,79,1034.6,0,0
04/01/2013 06:00:00,0,7.9,9.3,87,1034.6,0,0
04/01/2013 07:00:00,0,8.2,9.1,83,1034.7,0,0
04/01/2013 08:00:00,0,9.1,9.6,83,1034.8,0,0
04/01/2013 09:00:00,0,9.2,9.8,84,1035,0,0
04/01/2013 10:00:00,0,9.8,10,83,1035.2,0,0
04/01/2013 11:00:00,0,10.7,9.8,76,1035.1,0,0
04/01/2013 12:00:00,0,10.2,9.9,79,1035,0,0
04/01/2013 13:00:00,0,10.5,10,78,1034.8,0,0
04/01/2013 14:00:00,0,10.5,9.9,78,1034.6,0,0
04/01/2013 15:00:00,0,10.2,10.1,81,1034.2,0,0
04/01/2013 16:00:00,0,10.4,10.1,80,1033.7,0,0
04/01/2013 17:00:00,0,10.6,10,78,1032.9,0,0
04/01/2013 18:00:00,0,10.3,9.9,78,1032.3,0,0
04/01/2013 19:00:00,0,9.3,9.5,80,1032.6,0,0
04/01/2013 20:00:00,0,7.1,8.9,87,1032.4,0,0
04/01/2013 21:00:00,0,7,8.8,88,1032,0,0
04/01/2013 22:00:00,0,5.7,8.5,92,1031.8,0,0
04/01/2013 23:00:00,0,5.5,8.4,92,1031.5,0,0
05/01/2013 00:00:00,0,5,8.1,93,1031.6,0,0
05/01/2013 01:00:00,0,4.4,7.9,93,1031.1,0,0
05/01/2013 02:00:00,0,4.6,7.9,93,1031.4,0,0
05/01/2013 03:00:00,0,4.9,8.1,94,1031.1,0,0
05/01/2013 04:00:00,0,8,9.6,89,1030.8,0,0
05/01/2013 05:00:00,0,8.8,9.1,80,1030.6,0,0
05/01/2013 06:00:00,0,9,9,78,1030.5,0,0
05/01/2013 07:00:00,0,9.5,9.2,77,1030.3,0,0
05/01/2013 08:00:00,0,10.2,9.5,76,1030,0,0
05/01/2013 09:00:00,0,10.3,9.9,79,1030,0,0
05/01/2013 10:00:00,0,10.6,10,78,1030.1,0,0
05/01/2013 11:00:00,0,11.2,10.1,76,1030,0,0
05/01/2013 12:00:00,0,11.2,10.4,78,1029.7,0,0
05/01/2013 13:00:00,0,11.3,10.6,79,1028.5,0,0
05/01/2013 14:00:00,0,11.3,10.4,77,1028.5,0,0
05/01/2013 15:00:00,0,11.6,10.5,76,1028.4,0,0
05/01/2013 16:00:00,0,11.6,10.8,79,1028.5,0,0
05/01/2013 17:00:00,0,11.7,11.2,81,1029.2,0,0
05/01/2013 18:00:00,0,11.4,11.3,84,1029.3,0,0
05/01/2013 19:00:00,0,10.8,11.1,85,1030.2,0,0
05/01/2013 20:00:00,0,10.2,11,88,1030.8,0,0
05/01/2013 21:00:00,0,9.4,10.5,89,1030.2,0,0
05/01/2013 22:00:00,0,9.4,10.7,91,1030.7,0,0
05/01/2013 23:00:00,0,8.6,10.1,91,1030.9,0,0
06/01/2013 00:00:00,0,7.3,9.5,93,1031.5,0,0
06/01/2013 01:00:00,0,6,8.6,92,1030.9,0,0
06/01/2013 02:00:00,0,4.8,8,92,1030.2,0,0
06/01/2013 03:00:00,0,5.2,8.4,95,1030.1,0,0
06/01/2013 04:00:00,0,5,8.3,94,1029.9,0,0
06/01/2013 05:00:00,0,5.4,8.4,93,1028.6,0,0
06/01/2013 06:00:00,0,7,9.3,92,1028.3,0,0
06/01/2013 07:00:00,0,8.6,10.3,92,1027.9,0,0
06/01/2013 08:00:00,0,10,10.7,87,1028,0,0
06/01/2013 09:00:00,0,8.9,9.9,86,1028,0,0
06/01/2013 10:00:00,0,9.4,9.6,81,1027.3,0,0
06/01/2013 11:00:00,0,9.5,9.2,77,1027,0,0
06/01/2013 12:00:00,0,10,8.9,72,1026.6,0,0
06/01/2013 13:00:00,0,11,7.9,60,1025.7,0,0
06/01/2013 14:00:00,0,10.7,9.1,70,1025.2,0,0
06/01/2013 15:00:00,0,11.2,9.7,73,1024.8,0,0
06/01/2013 16:00:00,0,11,10,76,1024.4,0,0
06/01/2013 17:00:00,0,10.6,9.9,77,1024.3,0,0
06/01/2013 18:00:00,0,10.4,9.9,78,1024.1,0,0
06/01/2013 19:00:00,0,10.4,10.1,79,1024.1,0,0
06/01/2013 20:00:00,0,10.8,10.1,78,1023.9,0,0
06/01/2013 21:00:00,0,10.5,10.3,81,1024,0,0
06/01/2013 22:00:00,0.1,10.2,10,80,1023.8,1,0
06/01/2013 23:00:00,0,9.9,9.7,79,1023.6,0,0
07/01/2013 00:00:00,0,10.4,9.7,77,1023.2,0,0
07/01/2013 01:00:00,0,10.5,9.7,76,1022.8,0,0
07/01/2013 02:00:00,0.1,10.1,10,81,1022.7,1,0
07/01/2013 03:00:00,0.5,9.2,10.2,87,1022,1,0
07/01/2013 04:00:00,0.1,8.8,10.2,90,1021.4,1,0
07/01/2013 05:00:00,0,8.8,10.1,89,1020.5,0,0
07/01/2013 06:00:00,0.1,8.7,10.2,90,1020,1,0
07/01/2013 07:00:00,0,8.7,10.3,91,1019.3,0,0
07/01/2013 08:00:00,0.1,9.3,10.8,92,1019.2,1,0
07/01/2013 09:00:00,0.3,10.7,11.2,87,1018.9,1,0
07/01/2013 10:00:00,0,11.1,11.3,85,1018.9,0,0
07/01/2013 11:00:00,0.1,11.2,11.3,84,1018.6,1,0
07/01/2013 12:00:00,0.1,11.5,11.5,84,1018.2,1,0
07/01/2013 13:00:00,0,12,11.5,82,1017.9,0,0
07/01/2013 14:00:00,0.1,11.5,11.5,84,1017.7,1,0
07/01/2013 15:00:00,0,11.6,11.4,83,1017.6,0,0
07/01/2013 16:00:00,0.2,11.5,11.5,84,1017.3,1,0
07/01/2013 17:00:00,0,11.6,11.5,84,1017.3,0,0
07/01/2013 18:00:00,0,11.6,11.5,84,1017.3,0,0
07/01/2013 19:00:00,0,11.6,11.5,83,1017.4,0,0
07/01/2013 20:00:00,0,11.5,11.5,84,1017.5,0,0
07/01/2013 21:00:00,0,11.7,11.4,82,1017.4,0,0
07/01/2013 22:00:00,0,11.5,11.4,84,1017,0,0
07/01/2013 23:00:00,0,11.4,11.3,84,1016.8,0,0
08/01/2013 00:00:00,0,11.5,11.2,82,1017,0,0
08/01/2013 01:00:00,0,12,11.5,82,1016.6,0,0
08/01/2013 02:00:00,0,12.1,11.8,83,1016.7,0,0
08/01/2013 03:00:00,0,12.1,11.8,83,1016.7,0,0
08/01/2013 04:00:00,0,11.9,11.7,84,1016.1,0,0
08/01/2013 05:00:00,0,11.9,11.7,84,1016.4,0,0
08/01/2013 06:00:00,0,12.2,11.9,83,1016.8,0,0
08/01/2013 07:00:00,0,11.9,12,86,1017.2,0,0
08/01/2013 08:00:00,0.3,11.2,12,90,1018.4,1,0
08/01/2013 09:00:00,0.4,9.6,10.6,88,1019.8,1,0
08/01/2013 10:00:00,0.3,9.2,10.1,87,1020.9,1,0
08/01/2013 11:00:00,0,9,9.8,85,1021.4,0,0
08/01/2013 12:00:00,0,9.1,9.6,83,1021.9,0,0
08/01/2013 13:00:00,0,9.2,9.4,80,1022.2,0,0
08/01/2013 14:00:00,0,8.8,9.2,80,1022.2,0,0
08/01/2013 15:00:00,0,8.3,8.6,79,1022.5,0,0
08/01/2013 16:00:00,0,7.6,8.5,81,1023.1,0,0
08/01/2013 17:00:00,0,6.2,8,84,1023.6,0,0
08/01/2013 18:00:00,0,4.8,7.7,88,1024,0,0
08/01/2013 19:00:00,0,4.3,7.5,91,1024.5,0,0
08/01/2013 20:00:00,0,4.7,7.7,90,1024.7,0,0
08/01/2013 21:00:00,0,3.8,7.3,91,1025,0,0
08/01/2013 22:00:00,0,2.6,6.8,91,1025.2,0,0
08/01/2013 23:00:00,0,2.3,6.7,93,1025.4,0,0
09/01/2013 00:00:00,0,1.2,6.2,92,1025,0,0
09/01/2013 01:00:00,0,0.8,6,93,1024.5,0,0
09/01/2013 02:00:00,0,0.3,5.9,94,1024.5,0,0
09/01/2013 03:00:00,0,0.6,6,94,1024.4,0,0
09/01/2013 04:00:00,0,0.2,5.9,94,1024.3,0,0
09/01/2013 05:00:00,0,-0.6,5.5,93,1024.2,0,0
09/01/2013 06:00:00,0,-1.1,5.3,93,1023.9,0,0
09/01/2013 07:00:00,0,-1.3,5.2,94,1023.9,0,0
09/01/2013 08:00:00,0,-1.6,5.1,93,1024.3,0,0
09/01/2013 09:00:00,0,-1.7,5,93,1024.4,0,0
09/01/2013 10:00:00,0,-1,5.4,94,1024,0,0
09/01/2013 11:00:00,0,1.4,6.4,94,1023.6,0,0
09/01/2013 12:00:00,0,3.6,6.9,87,1022.9,0,0
09/01/2013 13:00:00,0,5.1,7.2,82,1022.2,0,0
09/01/2013 14:00:00,0,5.3,6.7,75,1021.7,0,0
09/01/2013 15:00:00,0,5.2,6.8,76,1021.2,0,0
09/01/2013 16:00:00,0,3.9,6.7,83,1021.3,0,0
09/01/2013 17:00:00,0,2,6.3,88,1021.2,0,0
09/01/2013 18:00:00,0,1.4,6.1,89,1021,0,0
09/01/2013 19:00:00,0,1,6.1,93,1020.8,0,0
09/01/2013 20:00:00,0,-0.6,5.4,91,1020.4,0,0
09/01/2013 21:00:00,0,-0.4,5.6,93,1019.7,0,0
09/01/2013 22:00:00,0,0.1,5.8,94,1019.1,0,0
09/01/2013 23:00:00,0,1.4,6.2,92,1018.6,0,0
10/01/2013 00:00:00,0,2.3,6.4,89,1018.2,0,0
10/01/2013 01:00:00,0,1.3,6,89,1017.7,0,0
10/01/2013 02:00:00,0,-0.7,5.3,91,1017.5,0,0
10/01/2013 03:00:00,0,-1.4,5.1,92,1016.8,0,0
10/01/2013 04:00:00,0,-1.9,4.9,92,1016.4,0,0
10/01/2013 05:00:00,0,-1.4,5.2,93,1015.4,0,0
10/01/2013 06:00:00,0,0.2,5.8,94,1015,0,0
10/01/2013 07:00:00,0,2.1,6.6,93,1014.2,0,0
10/01/2013 08:00:00,0,1.1,6.1,93,1014.4,0,0
10/01/2013 09:00:00,0,1.1,6.3,94,1014.4,0,0
10/01/2013 10:00:00,0.1,3.5,7.4,94,1014.3,1,0
10/01/2013 11:00:00,0.2,5.1,8.1,92,1014.4,1,0
10/01/2013 12:00:00,0.7,5.6,8.4,92,1013.9,1,0
10/01/2013 13:00:00,0.4,5.8,8.6,92,1013.7,1,0
10/01/2013 14:00:00,0.1,6.3,8.8,92,1013.7,1,0
10/01/2013 15:00:00,0,6.5,8.8,91,1013.9,0,0
10/01/2013 16:00:00,0,6.3,8.5,88,1014.1,0,0
10/01/2013 17:00:00,0,5.7,8.2,89,1014.6,0,0
10/01/2013 18:00:00,0,5.5,7.6,83,1015,0,0
10/01/2013 19:00:00,0,5.1,7.2,82,1015.3,0,0
10/01/2013 20:00:00,0,4.7,7.1,82,1015.9,0,0
10/01/2013 21:00:00,0,4.1,6.9,84,1016.7,0,0
10/01/2013 22:00:00,0.1,2.9,6.5,87,1017.2,1,0
10/01/2013 23:00:00,0,2.4,6.4,88,1017.5,0,0
11/01/2013 00:00:00,0,2.3,6.5,89,1017.5,0,0
11/01/2013 01:00:00,0,1.6,6.2,90,1017.7,0,0
11/01/2013 02:00:00,0,1.1,6.1,91,1017.9,0,0
11/01/2013 03:00:00,0,0.6,5.9,92,1017.9,0,0
11/01/2013 04:00:00,0,0.2,5.7,92,1017.6,0,0
11/01/2013 05:00:00,0,-0.5,5.5,93,1017.5,0,0
11/01/2013 06:00:00,0,-1,5.3,93,1017.3,0,0
11/01/2013 07:00:00,0,-0.7,5.4,93,1016.9,0,0
11/01/2013 08:00:00,0,-0.3,5.7,94,1017.1,0,0
11/01/2013 09:00:00,0,0.9,6.1,93,1017,0,0
11/01/2013 10:00:00,0,2.2,6.7,93,1016.3,0,0
11/01/2013 11:00:00,0,5.2,7.7,87,1015.7,0,0
11/01/2013 12:00:00,0,6.5,7.9,82,1015,0,0
11/01/2013 13:00:00,0,7,8.3,83,1014.3,0,0
11/01/2013 14:00:00,0,7.6,8.6,82,1013.4,0,0
11/01/2013 15:00:00,0,7.9,8.9,83,1012.8,0,0
11/01/2013 16:00:00,0,7.7,8.9,85,1012.2,0,0
11/01/2013 17:00:00,0,6.5,8.6,89,1011.8,0,0
11/01/2013 18:00:00,0,6.3,8.5,89,1011.5,0,0
11/01/2013 19:00:00,0,4.7,7.9,92,1011.1,0,0
11/01/2013 20:00:00,0,4.4,7.7,91,1010.7,0,0
11/01/2013 21:00:00,0,4.9,7.9,91,1010.4,0,0
11/01/2013 22:00:00,0,5.8,8.3,90,1010.1,0,0
11/01/2013 23:00:00,0,4.5,7.9,94,1009.6,0,0
12/01/2013 00:00:00,0,5,8,91,1009.4,0,0
12/01/2013 01:00:00,0.1,5.2,8.2,92,1009.1,1,0
12/01/2013 02:00:00,0,6.1,8.5,90,1008.7,0,0
12/01/2013 03:00:00,0,7.2,9,88,1008.6,0,0
12/01/2013 04:00:00,0,7.3,8.8,86,1008.5,0,0
12/01/2013 05:00:00,0,7.2,8.5,83,1008.3,0,0
12/01/2013 06:00:00,0,7.2,8.3,81,1008.3,0,0
12/01/2013 07:00:00,0,7,8.5,84,1008.6,0,0
12/01/2013 08:00:00,0,7.1,8.1,80,1009,0,0
12/01/2013 09:00:00,0,6.9,8.1,82,1009.5,0,0
12/01/2013 10:00:00,0,6.7,8.1,82,1010.1,0,0
12/01/2013 11:00:00,0,6.7,8.1,82,1010.8,0,0
12/01/2013 12:00:00,0,6.4,7.7,80,1011,0,0
12/01/2013 13:00:00,0,6.8,7.6,76,1011.3,0,0
12/01/2013 14:00:00,0,6.6,7.6,78,1011.7,0,0
12/01/2013 15:00:00,0,6.6,7.5,76,1012.4,0,0
12/01/2013 16:00:00,0,5.8,7.1,76,1013.3,0,0
12/01/2013 17:00:00,0,5.6,6.8,74,1014.2,0,0
12/01/2013 18:00:00,0,5.6,6.3,69,1014.9,0,0
12/01/2013 19:00:00,0,4.7,5.7,67,1015.7,0,0
12/01/2013 20:00:00,0,4.5,5.4,64,1016.4,0,0
12/01/2013 21:00:00,0,4.1,5.4,65,1017.3,0,0
12/01/2013 22:00:00,0,4.4,5.6,66,1017.9,0,0
12/01/2013 23:00:00,0,4,5.4,66,1018.4,0,0
13/01/2013 00:00:00,0,3.5,5.3,67,1018.4,0,0
13/01/2013 01:00:00,0,2.5,5.4,74,1018.8,0,0
13/01/2013 02:00:00,0,1.3,5.3,79,1019.7,0,0
13/01/2013 03:00:00,0,-0.2,5.1,84,1019.9,0,0
13/01/2013 04:00:00,0,-1.2,4.9,88,1020.1,0,0
13/01/2013 05:00:00,0,-1.6,4.9,90,1020.5,0,0
13/01/2013 06:00:00,0,-0.6,5.2,89,1020.9,0,0
13/01/2013 07:00:00,0,-0.5,5.3,89,1020.9,0,0
13/01/2013 08:00:00,0,-1.1,5,88,1021,0,0
13/01/2013 09:00:00,0,-0.9,5.1,89,1021.5,0,0
13/01/2013 10:00:00,0,0.3,5.4,87,1021.7,0,0
13/01/2013 11:00:00,0,1.6,5.7,82,1021.9,0,0
13/01/2013 12:00:00,0.2,2.4,6.2,85,1021.3,1,0
13/01/2013 13:00:00,0.8,3,6.6,86,1020.9,1,0
13/01/2013 14:00:00,0.2,2.9,6.7,89,1020.6,1,0
13/01/2013 15:00:00,0,3.1,6.9,89,1020.6,0,0
13/01/2013 16:00:00,0,3.1,6.9,91,1020.8,0,0
13/01/2013 17:00:00,0,2.9,7,92,1021,0,0
13/01/2013 18:00:00,0,3,7.1,93,1021,0,0
13/01/2013 19:00:00,0,3.2,7.2,93,1020.6,0,0
13/01/2013 20:00:00,0,3.3,7.2,93,1020.4,0,0
13/01/2013 21:00:00,0,3,7.1,92,1020.3,0,0
13/01/2013 22:00:00,0,2.6,6.9,93,1020.1,0,0
13/01/2013 23:00:00,0,2.8,6.9,92,1019.5,0,0
14/01/2013 00:00:00,0,3.3,7,90,1019.4,0,0
14/01/2013 01:00:00,0,3.7,7.1,88,1018.7,0,0
14/01/2013 02:00:00,0,3.9,7.2,88,1017.9,0,0
14/01/2013 03:00:00,0,4.6,7.5,88,1017.1,0,0
14/01/2013 04:00:00,0.2,5,7.7,89,1016.1,1,0
14/01/2013 05:00:00,0.8,4.7,7.8,90,1015.1,1,0
14/01/2013 06:00:00,0,4.6,7.6,90,1014.5,0,0
14/01/2013 07:00:00,0,4.7,7.6,89,1014.5,0,0
14/01/2013 08:00:00,0,4.1,7.3,89,1014.7,0,0
14/01/2013 09:00:00,0.1,4.2,7.3,88,1014.8,1,0
14/01/2013 10:00:00,0,4.1,7.3,89,1014.7,0,0
14/01/2013 11:00:00,0,4.8,7.2,83,1014.3,0,0
14/01/2013 12:00:00,0,5.3,7.4,82,1013.6,0,0
14/01/2013 13:00:00,0,5.7,7,77,1012.9,0,0
14/01/2013 14:00:00,0,5.1,6.5,73,1012.6,0,0
14/01/2013 15:00:00,0.8,3.5,6.4,81,1012.8,1,0
14/01/2013 16:00:00,0.1,4.2,6.3,76,1012.6,1,0
14/01/2013 17:00:00,0,2.8,6,80,1012.7,0,0
14/01/2013 18:00:00,0,2.1,6,83,1012.7,0,0
14/01/2013 19:00:00,0,1.7,5.9,86,1012.8,0,0
14/01/2013 20:00:00,0,1.5,5.9,86,1012.6,0,0
14/01/2013 21:00:00,0,1.9,5.9,84,1012.5,0,0
14/01/2013 22:00:00,0,1.4,5.8,86,1012.7,0,0
14/01/2013 23:00:00,0,1.7,6,86,1013.1,0,0
15/01/2013 00:00:00,0,0.7,5.7,89,1013.5,0,0
15/01/2013 01:00:00,0,0.5,5.7,90,1013.6,0,0
15/01/2013 02:00:00,0,0.6,5.6,88,1013.7,0,0
15/01/2013 03:00:00,0,0.2,5.5,88,1014,0,0
15/01/2013 04:00:00,0,0.2,5.4,88,1013.8,0,0
15/01/2013 05:00:00,0,-0.1,5.4,88,1013.7,0,0
15/01/2013 06:00:00,0,-0.4,5.3,89,1013.7,0,0
15/01/2013 07:00:00,0,-0.6,5.2,89,1013.9,0,0
15/01/2013 08:00:00,0,-0.2,5.4,89,1014,0,0
15/01/2013 09:00:00,0,0.2,5.4,87,1014.1,0,0
15/01/2013 10:00:00,0,0.8,5.6,86,1013.4,0,0
15/01/2013 11:00:00,0,2.2,5.7,79,1013.7,0,0
15/01/2013 12:00:00,0,3.2,5.7,74,1013.6,0,0
15/01/2013 13:00:00,0,3.4,6,76,1012.7,0,0
15/01/2013 14:00:00,0,3.2,6.1,79,1012.1,0,0
15/01/2013 15:00:00,0,3.1,6.2,81,1011.4,0,0
15/01/2013 16:00:00,0,2.5,6.2,84,1011,0,0
15/01/2013 17:00:00,0,1.7,6.1,87,1010.6,0,0
15/01/2013 18:00:00,0,0.9,5.8,89,1010.1,0,0
15/01/2013 19:00:00,0,0.4,5.7,90,1009.7,0,0
15/01/2013 20:00:00,0,0.9,5.9,90,1009,0,0
15/01/2013 21:00:00,0,1.4,6.1,89,1008.5,0,0
15/01/2013 22:00:00,0,3.3,6.5,83,1008.1,0,0
15/01/2013 23:00:00,0,3.9,6.5,80,1007.7,0,0
16/01/2013 00:00:00,0,4.1,6.6,80,1007.4,0,0
16/01/2013 01:00:00,0,4.7,6.6,77,1006.9,0,0
16/01/2013 02:00:00,0,5,6.7,77,1006.9,0,0
16/01/2013 03:00:00,0,4.8,6.7,78,1007.2,0,0
16/01/2013 04:00:00,0,4.7,6.4,75,1007.7,0,0
16/01/2013 05:00:00,0,4.4,6.3,76,1007.5,0,0
16/01/2013 06:00:00,0,4.3,6.3,75,1007.6,0,0
16/01/2013 07:00:00,0,3.9,6.2,77,1007.8,0,0
16/01/2013 08:00:00,0,3.8,6.3,78,1008.3,0,0
16/01/2013 09:00:00,0,4,6.4,78,1008.9,0,0
16/01/2013 10:00:00,0,4.4,6.5,77,1009.2,0,0
16/01/2013 11:00:00,0.1,4.3,6.9,83,1010,1,0
16/01/2013 12:00:00,0.9,4.3,7.2,87,1010.3,1,0
16/01/2013 13:00:00,0.6,4.4,7.4,87,1010.3,1,0
16/01/2013 14:00:00,0.7,4.4,7.4,88,1010.2,1,0
16/01/2013 15:00:00,0.3,4.3,7.4,88,1009.9,1,0
16/01/2013 16:00:00,0.3,4.2,7.3,89,1010.6,1,0
16/01/2013 17:00:00,0.1,4.1,7.4,90,1010.8,1,0
16/01/2013 18:00:00,0.3,4.1,7.4,90,1011.4,1,0
16/01/2013 19:00:00,0.2,4,7.4,91,1011.2,1,0
16/01/2013 20:00:00,0.1,4.1,7.5,91,1011,1,0
16/01/2013 21:00:00,0,5.4,7.6,84,1011,0,0
16/01/2013 22:00:00,0,5.1,7.7,87,1011.4,0,0
16/01/2013 23:00:00,0.1,5.3,7.9,88,1011.3,1,0
17/01/2013 00:00:00,0.2,5.4,8,89,1011.6,1,0
17/01/2013 01:00:00,0.2,5.5,8.1,89,1011.4,1,0
17/01/2013 02:00:00,0,5.8,8.2,89,1011.3,0,0
17/01/2013 03:00:00,0,5.9,8.3,89,1011.1,0,0
17/01/2013 04:00:00,0.1,5.7,8.3,90,1010.8,1,0
17/01/2013 05:00:00,0,5.1,8,90,1010.4,0,0
17/01/2013 06:00:00,0,4.4,7.6,91,1010,0,0
17/01/2013 07:00:00,0,5,8,91,1010.2,0,0
17/01/2013 08:00:00,0,5,8,91,1010.1,0,0
17/01/2013 09:00:00,0,4.5,7.8,93,1010.3,0,0
17/01/2013 10:00:00,0,5.1,8.1,92,1010.2,0,0
17/01/2013 11:00:00,0,7,9.2,91,1009.4,0,0
17/01/2013 12:00:00,0,8,9,83,1008.7,0,0
17/01/2013 13:00:00,0,8.2,9.1,84,1008,0,0
17/01/2013 14:00:00,0,8.7,8.6,76,1007.2,0,0
17/01/2013 15:00:00,0,8.2,8.9,81,1006.5,0,0
17/01/2013 16:00:00,0,6.9,8.7,87,1005.8,0,0
17/01/2013 17:00:00,0,6.7,8.5,87,1005.4,0,0
17/01/2013 18:00:00,0,6.9,8.5,85,1004.7,0,0
17/01/2013 19:00:00,0,7,8.6,86,1004.1,0,0
17/01/2013 20:00:00,0,7.2,8.6,84,1003.5,0,0
17/01/2013 21:00:00,0,6.7,8.4,85,1002.9,0,0
17/01/2013 22:00:00,0,6.1,8.1,85,1002.3,0,0
17/01/2013 23:00:00,0.1,5.6,7.6,83,1001.2,1,0
18/01/2013 00:00:00,0.4,5.3,7.5,84,1000.5,1,0
18/01/2013 01:00:00,0.6,4.9,7.2,83,1000.1,1,0
18/01/2013 02:00:00,0.3,4.4,7,83,999.3,1,0
18/01/2013 03:00:00,0.7,3.7,6.8,85,998.1,1,0
18/01/2013 04:00:00,0.7,3.1,6.6,86,997.6,1,0
18/01/2013 05:00:00,0.6,2.9,6.5,86,996.6,1,0
18/01/2013 06:00:00,1.1,2.4,6.4,88,996.2,1,1
18/01/2013 07:00:00,0.7,2.4,6.4,87,995.8,1,0
18/01/2013 08:00:00,2.1,2.1,6.3,88,995.1,1,1
18/01/2013 09:00:00,2.2,2.3,6.4,88,994.4,1,1
18/01/2013 10:00:00,0.3,2.5,6.5,88,994.1,1,0
18/01/2013 11:00:00,0.5,2.6,6.5,88,993.4,1,0
18/01/2013 12:00:00,0.7,2.4,6.4,88,992.5,1,0
18/01/2013 13:00:00,1.1,2.3,6.4,89,991.9,1,1
18/01/2013 14:00:00,0.3,2.6,6.5,88,991.1,1,0
18/01/2013 15:00:00,0.6,2.5,6.5,89,990.7,1,0
18/01/2013 16:00:00,1.3,2.2,6.4,89,990.8,1,1
18/01/2013 17:00:00,0.4,2,6.4,90,990.8,1,0
18/01/2013 18:00:00,0.6,2.5,6.5,88,990.6,1,0
18/01/2013 19:00:00,0.3,2.8,6.7,89,990.6,1,0
18/01/2013 20:00:00,0.6,2.9,6.7,89,990.8,1,0
18/01/2013 21:00:00,1.2,3.7,7.2,90,990.9,1,1
18/01/2013 22:00:00,0.7,4,7.3,90,991.2,1,0
18/01/2013 23:00:00,0.6,4,7.3,90,991.6,1,0
19/01/2013 00:00:00,0.1,3.9,7.2,89,992.1,1,0
19/01/2013 01:00:00,0,3.5,6.9,88,992.5,0,0
19/01/2013 02:00:00,0,3.5,6.9,87,993.3,0,0
19/01/2013 03:00:00,0,3.5,6.9,88,994.2,0,0
19/01/2013 04:00:00,0,3.4,6.7,85,995,0,0
19/01/2013 05:00:00,0.1,3.1,6.5,84,995.7,1,0
19/01/2013 06:00:00,0.1,2.5,6.4,87,996.3,1,0
19/01/2013 07:00:00,0,2,6.2,87,997,0,0
19/01/2013 08:00:00,0.5,1.6,6.1,88,998,1,0
19/01/2013 09:00:00,0.7,2,6.2,87,998.7,1,0
19/01/2013 10:00:00,0.1,2.1,6.2,87,999.5,1,0
19/01/2013 11:00:00,0.2,1.9,6.1,86,1000.2,1,0
19/01/2013 12:00:00,0.2,2.2,6.1,85,1000.2,1,0
19/01/2013 13:00:00,0,2.3,6.1,84,1000.2,0,0
19/01/2013 14:00:00,0,2.2,6,83,1000.5,0,0
19/01/2013 15:00:00,0,2,6.1,86,1001,0,0
19/01/2013 16:00:00,0.1,1.8,6.1,88,1001.5,1,0
19/01/2013 17:00:00,0,1.5,5.9,86,1001.9,0,0
19/01/2013 18:00:00,0,2.4,5.6,76,1002.2,0,0
19/01/2013 19:00:00,0,2.4,5.7,78,1002.1,0,0
19/01/2013 20:00:00,0,2.7,5.4,72,1002.2,0,0
19/01/2013 21:00:00,0,2.7,5.3,71,1002.2,0,0
19/01/2013 22:00:00,0,2.7,4.9,65,1002.3,0,0
19/01/2013 23:00:00,0,2.6,4.7,64,1002.3,0,0
20/01/2013 00:00:00,0,2.6,4.8,65,1002,0,0
20/01/2013 01:00:00,0,2.6,4.8,65,1001.7,0,0
20/01/2013 02:00:00,0,2.7,4.9,66,1001.3,0,0
20/01/2013 03:00:00,0,2.7,4.9,66,1001,0,0
20/01/2013 04:00:00,0,2.7,4.6,62,1001.1,0,0
20/01/2013 05:00:00,0,2.7,4.8,63,1000.7,0,0
20/01/2013 06:00:00,0,2.8,4.4,59,1000.4,0,0
20/01/2013 07:00:00,0,2.6,4.6,62,1000.2,0,0
20/01/2013 08:00:00,0,2.6,4.7,64,999.6,0,0
20/01/2013 09:00:00,0,2.7,4.7,63,999.2,0,0
20/01/2013 10:00:00,0,2.9,4.9,65,999,0,0
20/01/2013 11:00:00,0,3.1,4.5,58,998.9,0,0
20/01/2013 12:00:00,0,2.4,5,69,998.5,0,0
20/01/2013 13:00:00,0,2.6,4.9,66,997.7,0,0
20/01/2013 14:00:00,0,1.9,5.4,76,997.4,0,0
20/01/2013 15:00:00,0,2.6,5.1,69,996.6,0,0
20/01/2013 16:00:00,0.1,2.4,5.1,70,996.2,1,0
20/01/2013 17:00:00,0,2.8,5.1,69,996.1,0,0
20/01/2013 18:00:00,0,2.8,4.9,65,995.8,0,0
20/01/2013 19:00:00,0,2.8,5,67,995.6,0,0
20/01/2013 20:00:00,0,2.9,5,66,995.5,0,0
20/01/2013 21:00:00,0,3,4.9,64,995.4,0,0
20/01/2013 22:00:00,0,3,4.9,64,995.2,0,0
20/01/2013 23:00:00,0,2.9,4.8,64,995.3,0,0
21/01/2013 00:00:00,0,2.9,5,66,995.3,0,0
21/01/2013 01:00:00,0,3,5,66,995,0,0
21/01/2013 02:00:00,0,2.9,5.1,67,994.7,0,0
21/01/2013 03:00:00,0,2.9,5.3,69,994.3,0,0
21/01/2013 04:00:00,0,3.1,5.3,70,994.2,0,0
21/01/2013 05:00:00,0.1,2.4,5.9,80,994.5,1,0
21/01/2013 06:00:00,0.2,1.5,5.9,86,994.7,1,0
21/01/2013 07:00:00,1.2,0.3,5.7,90,994.8,1,1
21/01/2013 08:00:00,1.8,0.3,5.7,90,994.9,1,1
21/01/2013 09:00:00,1.8,0.2,5.6,91,995.1,1,1
21/01/2013 10:00:00,1.3,0.4,5.8,91,994.9,1,1
21/01/2013 11:00:00,0,0.7,5.9,91,994.8,0,0
21/01/2013 12:00:00,1,0.4,5.7,91,994.6,1,0
21/01/2013 13:00:00,0.8,1.3,6.1,91,994.1,1,0
21/01/2013 14:00:00,0,1.7,6.2,89,993.5,0,0
21/01/2013 15:00:00,0.1,1.7,6.1,89,993.6,1,0
21/01/2013 16:00:00,0,1.7,6.2,89,993.7,0,0
21/01/2013 17:00:00,0.3,1.6,6.1,89,993.9,1,0
21/01/2013 18:00:00,0,1.3,6,89,993.9,0,0
21/01/2013 19:00:00,0,1.3,6,89,994,0,0
21/01/2013 20:00:00,0,1.1,5.8,88,994.1,0,0
21/01/2013 21:00:00,0,1,5.7,86,994.1,0,0
21/01/2013 22:00:00,0,0.9,5.8,88,994.4,0,0
21/01/2013 23:00:00,0,-0.1,5.4,89,994.4,0,0
22/01/2013 00:00:00,0,-0.6,5.7,97,994.9,0,0
22/01/2013 01:00:00,0,-1.4,5.4,98,995.1,0,0
22/01/2013 02:00:00,0,-2,5.2,98,995.7,0,0
22/01/2013 03:00:00,0,-1.9,5.3,99,995.9,0,0
22/01/2013 04:00:00,0,-1.8,5.3,99,996.4,0,0
22/01/2013 05:00:00,0,-2.6,5,99,997.1,0,0
22/01/2013 06:00:00,0,-2.9,4.9,100,997.2,0,0
22/01/2013 07:00:00,0,-3.1,4.9,100,997.9,0,0
22/01/2013 08:00:00,0,-3.8,4.6,99,998.7,0,0
22/01/2013 09:00:00,0,-3.3,4.8,100,999.7,0,0
22/01/2013 10:00:00,0,-1.7,5.4,100,1000.3,0,0
22/01/2013 11:00:00,0,-1.1,5.6,99,1001.1,0,0
22/01/2013 12:00:00,0,-0.5,5.9,99,1001.6,0,0
22/01/2013 13:00:00,0,0.1,6.1,99,1001.9,0,0
22/01/2013 14:00:00,0,0.5,6.3,98,1002.4,0,0
22/01/2013 15:00:00,0,1.2,6.5,97,1002.8,0,0
22/01/2013 16:00:00,0,1.6,6.6,96,1003.5,0,0
22/01/2013 17:00:00,0,1.3,6.5,97,1004.2,0,0
22/01/2013 18:00:00,0,0.8,6.3,97,1004.9,0,0
22/01/2013 19:00:00,0,-0.3,5.9,98,1005.6,0,0
22/01/2013 20:00:00,0,-0.7,5.8,98,1006.1,0,0
22/01/2013 21:00:00,0,0,6.1,99,1006.6,0,0
22/01/2013 22:00:00,0,-0.3,5.9,99,1006.9,0,0
22/01/2013 23:00:00,0,-0.6,5.8,99,1007.4,0,0
23/01/2013 00:00:00,0,-0.1,5.5,91,1007.8,0,0
23/01/2013 01:00:00,0,0.1,5.7,91,1007.9,0,0
23/01/2013 02:00:00,0,0.5,5.8,91,1007.9,0,0
23/01/2013 03:00:00,0,-0.6,5.4,91,1007.8,0,0
23/01/2013 04:00:00,0,-1.1,5.2,91,1007.5,0,0
23/01/2013 05:00:00,0,-0.3,5.4,91,1007.6,0,0
23/01/2013 06:00:00,0,-1.3,5.1,91,1007.9,0,0
23/01/2013 07:00:00,0,0.2,5.7,92,1007.9,0,0
23/01/2013 08:00:00,0,0.8,5.9,90,1008.2,0,0
23/01/2013 09:00:00,0,1.3,5.9,88,1007.9,0,0
23/01/2013 10:00:00,0,2.3,6.1,84,1007.6,0,0
23/01/2013 11:00:00,0.1,3.3,6,78,1007.4,1,0
23/01/2013 12:00:00,0,3.7,6.1,77,1007.2,0,0
23/01/2013 13:00:00,0,4,5.7,69,1007.3,0,0
23/01/2013 14:00:00,0,3.5,5.6,71,1007.2,0,0
23/01/2013 15:00:00,0,4,5.5,67,1007.1,0,0
23/01/2013 16:00:00,0,3.9,5.6,69,1006.8,0,0
23/01/2013 17:00:00,0,2.9,5.5,73,1007.1,0,0
23/01/2013 18:00:00,0,3,5.7,74,1007.8,0,0
23/01/2013 19:00:00,0,3.1,5.7,75,1008.1,0,0
23/01/2013 20:00:00,0,3.2,5.8,75,1008.8,0,0
23/01/2013 21:00:00,0,2.7,5.6,76,1009.7,0,0
23/01/2013 22:00:00,0,2.8,5.6,74,1010.2,0,0
23/01/2013 23:00:00,0,2.2,5.7,80,1010.9,0,0
24/01/2013 00:00:00,0,2,5.9,83,1011.5,0,0
24/01/2013 01:00:00,0,2.1,5.9,83,1011.7,0,0
24/01/2013 02:00:00,0,1.9,6,85,1012.3,0,0
24/01/2013 03:00:00,0,1.7,5.9,86,1012.5,0,0
24/01/2013 04:00:00,0,1.5,6,87,1012.7,0,0
24/01/2013 05:00:00,0,1.4,5.9,87,1013.4,0,0
24/01/2013 06:00:00,0,1.5,6,87,1014.2,0,0
24/01/2013 07:00:00,0,1.7,6.1,87,1014.7,0,0
24/01/2013 08:00:00,0,1.8,6.1,87,1015.5,0,0
24/01/2013 09:00:00,0,2,6.1,86,1015.7,0,0
24/01/2013 10:00:00,0,2.9,6.3,83,1015.4,0,0
24/01/2013 11:00:00,0,4,6.2,76,1016.1,0,0
24/01/2013 12:00:00,0,4.1,6.3,77,1016.4,0,0
24/01/2013 13:00:00,0,4.3,6.5,78,1016.1,0,0
24/01/2013 14:00:00,0,5.2,6.7,75,1015.9,0,0
24/01/2013 15:00:00,0,5.3,6.3,70,1015.7,0,0
24/01/2013 16:00:00,0,4.7,6.3,73,1015.9,0,0
24/01/2013 17:00:00,0,4.1,6.3,76,1015.9,0,0
24/01/2013 18:00:00,0,4.9,6.4,73,1015.9,0,0
24/01/2013 19:00:00,0,4.8,6.5,75,1015.4,0,0
24/01/2013 20:00:00,0,4.9,6.5,75,1015.1,0,0
24/01/2013 21:00:00,0,4.8,6.7,78,1014.9,0,0
24/01/2013 22:00:00,0,5,6.9,79,1014.4,0,0
24/01/2013 23:00:00,0,5,6.7,76,1014.1,0,0
25/01/2013 00:00:00,0,5.2,6.8,76,1013.2,0,0
25/01/2013 01:00:00,0,5.3,6.9,77,1012.9,0,0
25/01/2013 02:00:00,0,5.4,7.1,79,1012.4,0,0
25/01/2013 03:00:00,0,5.6,7,77,1011.8,0,0
25/01/2013 04:00:00,0,5.7,7.1,77,1010.8,0,0
25/01/2013 05:00:00,0.3,5.3,7.5,83,1010,1,0
25/01/2013 06:00:00,1.1,5,7.6,86,1009.1,1,1
25/01/2013 07:00:00,1,5.1,7.7,87,1007.9,1,0
25/01/2013 08:00:00,0.2,5.3,7.6,85,1006.6,1,0
25/01/2013 09:00:00,0,6.3,7.5,78,1005.7,0,0
25/01/2013 10:00:00,0,7,7.5,74,1004.8,0,0
25/01/2013 11:00:00,0,7.4,7.5,72,1003.7,0,0
25/01/2013 12:00:00,0,7.7,7.7,73,1001.8,0,0
25/01/2013 13:00:00,0,8.4,8,72,1000,0,0
25/01/2013 14:00:00,1.1,8,8.7,81,998.3,1,1
25/01/2013 15:00:00,1,8.6,8.2,73,996.3,1,0
25/01/2013 16:00:00,0.1,8.4,8.8,79,995.4,1,0
25/01/2013 17:00:00,3.4,7.9,9.1,85,995,1,1
25/01/2013 18:00:00,2.4,7.7,9.2,87,994.5,1,1
25/01/2013 19:00:00,4,7.9,9.6,89,994.4,1,1
25/01/2013 20:00:00,3.2,7.8,9.2,86,995.3,1,1
25/01/2013 21:00:00,0.6,7.3,8.8,85,996.2,1,0
25/01/2013 22:00:00,0,6.7,8,81,998.1,0,0
25/01/2013 23:00:00,0,5.9,7,74,1000.1,0,0
26/01/2013 00:00:00,0,4.9,7.2,83,1001.7,0,0
26/01/2013 01:00:00,0,4.3,7,83,1002.9,0,0
26/01/2013 02:00:00,0,3.5,6.8,86,1004,0,0
26/01/2013 03:00:00,0,3,6.8,89,1004.6,0,0
26/01/2013 04:00:00,0,2.9,6.8,90,1004.7,0,0
26/01/2013 05:00:00,0,2.4,6.5,90,1005.3,0,0
26/01/2013 06:00:00,0,3.3,6.8,88,1005.4,0,0
26/01/2013 07:00:00,0,3,6.8,89,1005.9,0,0
26/01/2013 08:00:00,0,2.3,6.8,93,1006.3,0,0
26/01/2013 09:00:00,0,3.2,7.3,94,1006,0,0
26/01/2013 10:00:00,0,4.4,7.7,91,1005.6,0,0
26/01/2013 11:00:00,0,6.4,8.4,87,1004.7,0,0
26/01/2013 12:00:00,0,8.1,9,83,1003.5,0,0
26/01/2013 13:00:00,0,8.6,8.9,79,1001.8,0,0
26/01/2013 14:00:00,0.1,8.4,9.2,83,999.8,1,0
26/01/2013 15:00:00,0,9.3,9.2,78,997.9,0,0
26/01/2013 16:00:00,0.2,9.3,10,85,995.7,1,0
26/01/2013 17:00:00,0.7,8.9,10.5,91,994.8,1,0
26/01/2013 18:00:00,0.1,10.1,10.9,88,992.6,1,0
26/01/2013 19:00:00,0,11.1,11.4,86,990,0,0
26/01/2013 20:00:00,0,11.6,11.8,86,988.7,0,0
26/01/2013 21:00:00,0,12,11.8,84,986.4,0,0
26/01/2013 22:00:00,0,11.9,11.8,84,983.9,0,0
26/01/2013 23:00:00,0.1,11.5,12.1,89,982.4,1,0
27/01/2013 00:00:00,0.5,11.8,12.4,89,980.8,1,0
27/01/2013 01:00:00,0.6,9.6,10.7,89,982,1,0
27/01/2013 02:00:00,1.5,8.3,10.2,93,982,1,1
27/01/2013 03:00:00,0.5,8.1,10,93,982.4,1,0
27/01/2013 04:00:00,0,7.3,8.9,87,982.1,0,0
27/01/2013 05:00:00,0,7.2,8.4,83,983,0,0
27/01/2013 06:00:00,0.5,4.2,7.1,86,984.8,1,0
27/01/2013 07:00:00,0,3.5,6.8,86,985.8,0,0
27/01/2013 08:00:00,0,3.8,6.8,84,986.5,0,0
27/01/2013 09:00:00,0.1,3.9,6.5,80,987.5,1,0
27/01/2013 10:00:00,0,3.9,6.8,84,988.5,0,0
27/01/2013 11:00:00,0,4.1,6.6,80,989,0,0
27/01/2013 12:00:00,0,5.5,6.7,74,988.6,0,0
27/01/2013 13:00:00,0,6.3,6.8,71,988.4,0,0
27/01/2013 14:00:00,1.5,2.9,6.9,92,990.8,1,1
27/01/2013 15:00:00,0,3.6,7.1,89,991.1,0,0
27/01/2013 16:00:00,0,3.9,7.1,87,991.1,0,0
27/01/2013 17:00:00,0.1,3.1,7,92,992.1,1,0
27/01/2013 18:00:00,0.5,3,7.1,94,992.9,1,0
27/01/2013 19:00:00,0.6,2.6,6.7,91,994,1,0
27/01/2013 20:00:00,0,2.6,6.6,89,994.8,0,0
27/01/2013 21:00:00,0,3,6.6,86,995.3,0,0
27/01/2013 22:00:00,0,2.8,6.3,84,995.8,0,0
27/01/2013 23:00:00,0,2.4,6.5,89,996.9,0,0
28/01/2013 00:00:00,0,2.6,6.3,86,998,0,0
28/01/2013 01:00:00,0,2.7,6.3,85,998.3,0,0
28/01/2013 02:00:00,0,2.8,6.3,84,999.7,0,0
28/01/2013 03:00:00,0,3.4,6.4,82,999.7,0,0
28/01/2013 04:00:00,0,3.4,6.3,80,999.6,0,0
28/01/2013 05:00:00,0,3.3,6.3,81,999.9,0,0
28/01/2013 06:00:00,0,3.5,6.2,79,999.8,0,0
28/01/2013 07:00:00,0,4,6.3,78,999.4,0,0
28/01/2013 08:00:00,0,5.1,6.7,76,998.6,0,0
28/01/2013 09:00:00,0.1,6.1,7.7,81,997.1,1,0
28/01/2013 10:00:00,0.5,6,8.1,86,994.8,1,0
28/01/2013 11:00:00,0.3,7.7,8.5,80,991.2,1,0
28/01/2013 12:00:00,0,9.1,9.1,78,987.8,0,0
28/01/2013 13:00:00,0.2,10.8,10,77,985.4,1,0
28/01/2013 14:00:00,0,10.4,9.1,72,985.6,0,0
28/01/2013 15:00:00,0,10.7,9.1,70,985.6,0,0
28/01/2013 16:00:00,0.4,10.4,8.7,68,986,1,0
28/01/2013 17:00:00,0,10,8.6,70,986.9,0,0
28/01/2013 18:00:00,0,9.8,8.6,71,987.9,0,0
28/01/2013 19:00:00,0,9.7,8,66,988.5,0,0
28/01/2013 20:00:00,0,9.4,8.3,70,989.3,0,0
28/01/2013 21:00:00,0,9.4,8.4,71,990.5,0,0
28/01/2013 22:00:00,0,9.4,8.5,72,992,0,0
28/01/2013 23:00:00,0,9.4,8.7,73,993.6,0,0
29/01/2013 00:00:00,0,8.9,8.8,77,995.2,0,0
29/01/2013 01:00:00,0,8.4,8.8,79,995.6,0,0
29/01/2013 02:00:00,0,8,8.9,83,996.1,0,0
29/01/2013 03:00:00,0,7.8,8.6,81,995.9,0,0
29/01/2013 04:00:00,0,7.2,8.3,81,997.3,0,0
29/01/2013 05:00:00,0,6.8,8.1,81,997.5,0,0
29/01/2013 06:00:00,0,6.5,8,82,997,0,0
29/01/2013 07:00:00,0,7.1,8.2,81,996.1,0,0
29/01/2013 08:00:00,0,7.6,8.2,79,994.5,0,0
29/01/2013 09:00:00,0,7.8,9.3,88,993.4,0,0
29/01/2013 10:00:00,0.1,9.7,10.5,87,991.9,1,0
29/01/2013 11:00:00,0,12.4,12.3,85,990.4,0,0
29/01/2013 12:00:00,0,13.6,12.9,82,988.9,0,0
29/01/2013 13:00:00,0,13.9,13.1,82,988.1,0,0
29/01/2013 14:00:00,0,13.9,13.2,83,987.4,0,0
29/01/2013 15:00:00,0,13.8,13.3,84,986.9,0,0
29/01/2013 16:00:00,2.9,9,10.5,91,989.8,1,1
29/01/2013 17:00:00,0.6,8.9,9.9,86,990.4,1,0
29/01/2013 18:00:00,0,9.1,9.5,82,991.4,0,0
29/01/2013 19:00:00,0,9,9.4,81,992.8,0,0
29/01/2013 20:00:00,0,8.6,9.2,82,993.6,0,0
29/01/2013 21:00:00,0,8.1,8.8,81,993.9,0,0
29/01/2013 22:00:00,0,7.8,8.4,79,994,0,0
29/01/2013 23:00:00,0,7.5,8.6,83,994.1,0,0
30/01/2013 00:00:00,0,7.2,8.8,86,994.3,0,0
30/01/2013 01:00:00,0,8.3,9.2,84,994,0,0
30/01/2013 02:00:00,0,8,8.9,82,994.3,0,0
30/01/2013 03:00:00,0,7.6,8.3,79,995,0,0
30/01/2013 04:00:00,0,6.9,8,80,995.5,0,0
30/01/2013 05:00:00,0.1,6.2,8,84,995.8,1,0
30/01/2013 06:00:00,0,6.1,8,84,996.1,0,0
30/01/2013 07:00:00,0,6.2,8,84,996.4,0,0
30/01/2013 08:00:00,0,6.9,7.7,77,996.7,0,0
30/01/2013 09:00:00,0,7.2,7.7,75,997.4,0,0
30/01/2013 10:00:00,0.1,8.6,7.1,63,997.8,1,0
30/01/2013 11:00:00,0.9,6.1,7.9,84,999.6,1,0
30/01/2013 12:00:00,2.2,6.1,8.3,88,1000.8,1,1
30/01/2013 13:00:00,0.4,7.1,8.4,83,1001.9,1,0
30/01/2013 14:00:00,0,7.7,8.6,82,1003.3,0,0
30/01/2013 15:00:00,0,8,8.5,79,1005.7,0,0
30/01/2013 16:00:00,0.1,7.6,8.1,77,1007.9,1,0
30/01/2013 17:00:00,0,7,7.9,78,1009.1,0,0
30/01/2013 18:00:00,0,6.2,7.6,80,1009.7,0,0
30/01/2013 19:00:00,0,5.8,7.3,79,1009.7,0,0
30/01/2013 20:00:00,0,5.6,7.1,78,1009.6,0,0
30/01/2013 21:00:00,0,5.9,7,75,1009.2,0,0
30/01/2013 22:00:00,0,6.3,7,73,1008.9,0,0
30/01/2013 23:00:00,0,8.2,8.4,77,1006.3,0,0
31/01/2013 00:00:00,0,9.3,8.3,71,1003.7,0,0
31/01/2013 01:00:00,2.3,8.2,9.5,87,1001.6,1,1
31/01/2013 02:00:00,0.8,8.1,8.3,77,1000.7,1,0
31/01/2013 03:00:00,0,7.7,7.9,74,1000.1,0,0
31/01/2013 04:00:00,0,7.4,7.6,73,999.7,0,0
31/01/2013 05:00:00,0.1,6.1,7.5,79,1000.1,1,0
31/01/2013 06:00:00,0,6.1,7.1,75,1000.9,0,0
31/01/2013 07:00:00,0.2,5.5,7.4,81,1001.4,1,0
31/01/2013 08:00:00,0.3,4.4,7.1,85,1003,1,0
31/01/2013 09:00:00,0,5.4,7.3,81,1004,0,0
31/01/2013 10:00:00,0,6.1,7.5,79,1004.9,0,0
31/01/2013 11:00:00,0,7.4,7.7,75,1005.7,0,0
31/01/2013 12:00:00,0.1,7.6,8,77,1006.1,1,0
31/01/2013 13:00:00,0,8.4,7.9,71,1006.3,0,0
31/01/2013 14:00:00,0.1,8.7,8.3,73,1006.6,1,0
31/01/2013 15:00:00,2.5,5.8,8.2,89,1006.8,1,1
31/01/2013 16:00:00,0.5,6.3,7.6,79,1007.5,1,0
31/01/2013 17:00:00,0.2,6.7,8,81,1007.5,1,0
31/01/2013 18:00:00,0,6.5,7.3,75,1007.5,0,0
31/01/2013 19:00:00,0,5.6,7.4,81,1007.7,0,0
31/01/2013 20:00:00,0,5.6,7.2,79,1007.8,0,0
31/01/2013 21:00:00,0,5.4,7.5,83,1007.3,0,0
31/01/2013 22:00:00,0,5.3,7.3,81,1006.7,0,0
31/01/2013 23:00:00,0,5.6,7.5,82,1006.2,0,0