date,rain,temp,vapour_pressure,humidity,wind_speed,weather_code,visibility_mm,cloud_amount
01/11/2012 00:00,0,2.4,6.6,91,6,10,7000,1
01/11/2012 01:00,0,1.7,6.5,94,7,10,7000,1
01/11/2012 02:00,0,1.1,6.4,96,7,10,6000,3
01/11/2012 03:00,0,0.7,6.3,98,7,10,5000,6
01/11/2012 04:00,0,0.6,6.4,100,8,46,800,7
01/11/2012 05:00,0,0.5,6.3,100,8,28,4000,6
01/11/2012 06:00,0,0.2,6.2,100,9,46,600,7
01/11/2012 07:00,0,0.2,6.2,100,11,44,600,7
01/11/2012 08:00,0,0.4,6.3,100,12,44,600,7
01/11/2012 09:00,0,1,6.6,100,17,42,900,7
01/11/2012 10:00,0,2.4,7.1,98,15,28,15000,5
01/11/2012 11:00,0,3.5,7.2,91,14,2,20000,5
01/11/2012 12:00,0,5.4,7.1,80,14,1,30000,2
01/11/2012 13:00,0,6.2,7.1,75,15,2,40000,2
01/11/2012 14:00,0,6.8,6.4,65,18,2,50000,2
01/11/2012 15:00,0,6.1,6.6,70,18,2,50000,3
01/11/2012 16:00,0.1,5.1,7.2,83,16,25,30000,5
01/11/2012 17:00,0.7,4.6,7.6,90,17,80,10000,7
01/11/2012 18:00,0.2,4.7,7.8,92,17,25,25000,7
01/11/2012 19:00,0,4.4,7.7,92,18,2,30000,1
01/11/2012 20:00,0,4.4,7.4,89,19,2,30000,4
01/11/2012 21:00,0,4.5,7.3,87,21,2,30000,2
01/11/2012 22:00,0,5,7.5,86,18,2,30000,5
01/11/2012 23:00,0,4.7,7.4,87,20,2,30000,1
02/11/2012 00:00,0,4.9,7.5,87,21,2,30000,5
02/11/2012 01:00,0,5.1,7.5,86,18,2,30000,6
02/11/2012 02:00,0,4.6,7.4,87,13,2,30000,7
02/11/2012 03:00,0,4.5,7.3,87,16,2,30000,7
02/11/2012 04:00,0,4.2,6.9,84,16,2,30000,5
02/11/2012 05:00,0,3.4,6.6,85,15,2,30000,2
02/11/2012 06:00,0,3.3,6.7,86,16,2,30000,1
02/11/2012 07:00,0,3.4,6.7,86,17,2,30000,5
02/11/2012 08:00,0,3.4,6.6,85,18,2,40000,3
02/11/2012 09:00,0,4.4,6.9,82,19,2,40000,2
02/11/2012 10:00,0,6.1,7.1,76,21,2,40000,2
02/11/2012 11:00,0,7.4,7.2,70,21,2,50000,2
02/11/2012 12:00,0,7.6,7.3,70,23,2,50000,6
02/11/2012 13:00,0,7.3,7.9,77,24,25,25000,6
02/11/2012 14:00,0,8.1,7.7,71,24,2,40000,7
02/11/2012 15:00,0,6.9,7.6,77,21,2,40000,7
02/11/2012 16:00,0,5.4,7.7,86,17,25,40000,7
02/11/2012 17:00,0,4.8,7.4,86,13,25,40000,6
02/11/2012 18:00,0,3.9,7.1,88,10,1,40000,3
02/11/2012 19:00,0,3.8,7.2,90,9,2,40000,1
02/11/2012 20:00,0,3.4,7,90,7,2,40000,1
02/11/2012 21:00,0,3.8,7.1,88,11,2,40000,2
02/11/2012 22:00,0,3.5,6.9,88,9,2,30000,7
02/11/2012 23:00,0,3.2,6.6,86,8,2,30000,3
03/11/2012 00:00,0,2.8,6.5,88,6,2,30000,6
03/11/2012 01:00,0,3,6.5,86,9,2,30000,6
03/11/2012 02:00,0,2.8,6.5,88,8,2,30000,6
03/11/2012 03:00,0,1.8,6.3,91,8,2,30000,4
03/11/2012 04:00,0,1.4,6.1,91,7,2,30000,5
03/11/2012 05:00,0,2.1,6.3,89,7,2,30000,6
03/11/2012 06:00,0,1.8,6.2,89,10,2,30000,3
03/11/2012 07:00,0,2,6.1,87,10,2,30000,1
03/11/2012 08:00,0,2.2,6.1,86,11,2,60000,1
03/11/2012 09:00,0,3.7,6.4,80,11,2,60000,1
03/11/2012 10:00,0,4.7,6.2,73,15,2,60000,1
03/11/2012 11:00,0,5.6,6.4,71,18,2,60000,1
03/11/2012 12:00,0,6.7,6.5,67,14,2,60000,1
03/11/2012 13:00,0,7.2,6.5,64,14,2,60000,1
03/11/2012 14:00,0,7.3,6,59,16,2,60000,1
03/11/2012 15:00,0,7.1,5.9,59,14,2,60000,1
03/11/2012 16:00,0,6.5,5.9,61,14,2,60000,1
03/11/2012 17:00,0,5.1,6,69,13,2,50000,1
03/11/2012 18:00,0,4.9,6.1,70,12,2,50000,1
03/11/2012 19:00,0,4.1,6.3,77,13,2,50000,1
03/11/2012 20:00,0,4,6.4,78,11,2,50000,6
03/11/2012 21:00,0,4.9,6.5,75,10,2,50000,7
03/11/2012 22:00,0,5.5,6.2,69,11,2,40000,6
03/11/2012 23:00,0,5.3,6.1,69,10,2,30000,6
04/11/2012 00:00,0,6.4,6.2,65,11,2,30000,7
04/11/2012 01:00,0,6.9,6.4,64,12,2,30000,7
04/11/2012 02:00,0,6.5,6.3,65,11,2,30000,7
04/11/2012 03:00,0,6.5,6.5,68,9,2,30000,7
04/11/2012 04:00,0,7.1,6.5,64,7,2,30000,7
04/11/2012 05:00,0,6.6,6.9,71,10,2,30000,7
04/11/2012 06:00,0,6.6,7,72,9,25,30000,7
04/11/2012 07:00,0,6.6,7.3,75,13,80,30000,7
04/11/2012 08:00,0.9,5.6,8,88,10,80,15000,7
04/11/2012 09:00,0.5,5.5,7.9,87,7,61,25000,7
04/11/2012 10:00,1.3,5.4,8.1,91,13,61,13000,7
04/11/2012 11:00,0.3,6.2,8.3,88,13,61,11000,7
04/11/2012 12:00,1.3,6.1,8.8,94,10,61,20000,7
04/11/2012 13:00,0.2,6.9,8.5,85,10,21,28000,7
04/11/2012 14:00,0,7.7,8.4,80,13,25,20000,7
04/11/2012 15:00,0,7.5,8.3,80,8,25,25000,7
04/11/2012 16:00,0.3,6.1,8.1,86,11,80,9000,6
04/11/2012 17:00,0.5,7,7.8,78,9,25,20000,7
04/11/2012 18:00,0,7,7.8,78,10,2,30000,6
04/11/2012 19:00,0,6.6,7.9,81,11,2,30000,5
04/11/2012 20:00,0,7.2,8,78,15,2,30000,5
04/11/2012 21:00,0,7.4,8.1,79,14,2,30000,7
04/11/2012 22:00,0,7.5,7.7,74,15,2,30000,6
04/11/2012 23:00,0,6.9,7.2,72,13,2,30000,3
05/11/2012 00:00,0,6.5,7.5,78,12,2,30000,3
05/11/2012 01:00,0,6,7.2,77,11,2,30000,3
05/11/2012 02:00,0,4.3,6.8,82,9,2,30000,1
05/11/2012 03:00,0,4.6,7,82,6,2,30000,1
05/11/2012 04:00,0,4.2,7.7,93,7,2,30000,2
05/11/2012 05:00,0,3.2,7.1,93,8,2,30000,1
05/11/2012 06:00,0,1,6.2,94,8,2,30000,1
05/11/2012 07:00,0,0.7,6,94,9,2,30000,1
05/11/2012 08:00,0,1.3,6.3,94,9,2,30000,2
05/11/2012 09:00,0,2.8,7.1,95,10,2,30000,2
05/11/2012 10:00,0,5,7.7,89,9,2,30000,2
05/11/2012 11:00,0,6.2,7.9,83,8,2,40000,2
05/11/2012 12:00,0,7.7,8.6,82,10,2,40000,2
05/11/2012 13:00,0,8.6,9,81,11,2,40000,4
05/11/2012 14:00,0,8.1,8.4,78,11,2,50000,5
05/11/2012 15:00,0,9.2,8.6,74,11,2,50000,2
05/11/2012 16:00,0,7.8,8.1,76,10,15,50000,2
05/11/2012 17:00,0,5.5,7.6,84,9,15,45000,3
05/11/2012 18:00,0,4.6,7.4,87,9,2,50000,1
05/11/2012 19:00,0,4.4,7.5,90,9,2,50000,2
05/11/2012 20:00,0,3.8,7.3,92,10,2,50000,2
05/11/2012 21:00,0,3.3,7.1,91,9,2,50000,2
05/11/2012 22:00,0,3.5,7.2,91,10,2,50000,1
05/11/2012 23:00,0,3.1,7,91,10,2,30000,2
06/11/2012 00:00,0,2.5,6.8,93,10,2,30000,1
06/11/2012 01:00,0,2.6,6.8,93,10,2,30000,1
06/11/2012 02:00,0,3.2,7.3,95,10,2,30000,3
06/11/2012 03:00,0,4,7.7,95,13,2,30000,6
06/11/2012 04:00,0,4.8,7.9,92,12,2,30000,7
06/11/2012 05:00,0,5.3,8.2,92,12,2,30000,7
06/11/2012 06:00,0,5.6,8.7,95,13,50,8000,7
06/11/2012 07:00,0,6.3,9.1,95,16,50,8000,8
06/11/2012 08:00,0,7,9.4,94,17,20,25000,5
06/11/2012 09:00,0,7.6,9.5,91,16,3,25000,7
06/11/2012 10:00,0,8.4,9.6,88,18,2,25000,7
06/11/2012 11:00,0,9.6,10.2,85,19,2,25000,7
06/11/2012 12:00,0,10.6,10,79,19,2,25000,7
06/11/2012 13:00,0,10.6,9.9,77,19,2,25000,7
06/11/2012 14:00,0,11,9.9,75,20,2,30000,7
06/11/2012 15:00,0,10.1,9.5,77,19,2,30000,5
06/11/2012 16:00,0,9.4,9.1,78,18,2,30000,5
06/11/2012 17:00,0,8.6,9,81,15,2,25000,7
06/11/2012 18:00,0,8.6,9.5,85,15,2,25000,7
06/11/2012 19:00,0,8,8.9,83,18,2,25000,7
06/11/2012 20:00,0,7.2,8.8,87,17,2,25000,6
06/11/2012 21:00,0,8,9.1,85,14,2,25000,7
06/11/2012 22:00,0,8,8.8,82,18,2,25000,8
06/11/2012 23:00,0,7.9,8.7,82,17,2,25000,8
07/11/2012 00:00,0,7.8,8.6,82,17,2,25000,8
07/11/2012 01:00,0,7.9,8.6,80,16,2,25000,8
07/11/2012 02:00,0,8.2,8.6,79,17,2,25000,8
07/11/2012 03:00,0,8.4,8.6,78,17,2,25000,8
07/11/2012 04:00,0,8.6,8.7,78,15,2,25000,8
07/11/2012 05:00,0,8.7,8.7,77,16,2,25000,8
07/11/2012 06:00,0,8.7,8.8,78,14,2,25000,8
07/11/2012 07:00,0,8.7,9,80,15,50,25000,8
07/11/2012 08:00,0,8.8,9,80,15,20,35000,7
07/11/2012 09:00,0,9.1,9.5,83,16,2,35000,7
07/11/2012 10:00,0,9.3,9.7,83,17,2,35000,6
07/11/2012 11:00,0,10.1,9.7,78,15,21,35000,7
07/11/2012 12:00,0,10.4,9.7,77,18,1,35000,3
07/11/2012 13:00,0,10.4,9.9,78,20,2,25000,7
07/11/2012 14:00,0,10.2,10,81,17,2,25000,7
07/11/2012 15:00,0,10.6,10.5,82,15,58,17000,7
07/11/2012 16:00,0,10.7,10.6,82,17,50,18000,8
07/11/2012 17:00,0,10.2,11,88,18,50,18000,7
07/11/2012 18:00,0,10.2,11,88,17,50,18000,7
07/11/2012 19:00,0,10.1,10.9,88,17,20,20000,7
07/11/2012 20:00,0,9.1,10.1,88,16,2,25000,6
07/11/2012 21:00,0,8.8,9.9,88,18,3,25000,7
07/11/2012 22:00,0,8.5,9.9,89,16,50,25000,7
07/11/2012 23:00,0,8.7,9.9,88,17,20,25000,7
08/11/2012 00:00,0,8.6,10.1,90,15,50,20000,7
08/11/2012 01:00,0,8.7,10.2,90,15,20,25000,7
08/11/2012 02:00,0,8.4,9.9,90,17,2,25000,7
08/11/2012 03:00,0,7.9,9.7,91,15,2,25000,6
08/11/2012 04:00,0,7.6,9.7,93,16,2,25000,4
08/11/2012 05:00,0,7.7,9.8,93,17,2,25000,6
08/11/2012 06:00,0,7.4,9.5,93,15,1,25000,3
08/11/2012 07:00,0,6.9,9.4,94,13,2,25000,5
08/11/2012 08:00,0,6.8,9.1,93,10,2,30000,2
08/11/2012 09:00,0,7.4,9.5,93,12,2,30000,1
08/11/2012 10:00,0,8.4,9.6,88,13,2,30000,1
08/11/2012 11:00,0,8.9,9.7,85,13,2,30000,5
08/11/2012 12:00,0,9,9.3,81,12,2,30000,6
08/11/2012 13:00,0,10.4,9.9,78,12,2,30000,7
08/11/2012 14:00,0,10.2,9.7,78,13,2,30000,7
08/11/2012 15:00,0,9.8,9.1,75,11,2,35000,7
08/11/2012 16:00,0,9.8,9.6,79,10,2,40000,6
08/11/2012 17:00,0,8.9,9.7,85,11,2,40000,5
08/11/2012 18:00,0,9.1,9.7,84,9,2,40000,6
08/11/2012 19:00,0,8.5,9.7,88,9,2,35000,7
08/11/2012 20:00,0,8.2,9.5,87,9,2,30000,4
08/11/2012 21:00,0,8,9.1,85,9,2,30000,2
08/11/2012 22:00,0,8,8.6,80,9,2,30000,1
08/11/2012 23:00,0,7.9,8.8,83,13,2,30000,6
09/11/2012 00:00,0,8,9.2,86,14,2,30000,7
09/11/2012 01:00,0,7.8,9.2,87,15,2,30000,7
09/11/2012 02:00,0,8.5,9.1,82,14,2,30000,7
09/11/2012 03:00,0,8.5,9,81,16,2,30000,7
09/11/2012 04:00,0.1,8.4,9.5,86,16,50,20000,7
09/11/2012 05:00,0.8,8.1,9.7,90,15,61,20000,7
09/11/2012 06:00,1.6,8.2,10,92,15,61,11000,7
09/11/2012 07:00,1.2,8.5,10.2,92,15,61,11000,7
09/11/2012 08:00,0.4,8.8,10.2,90,14,61,30000,8
09/11/2012 09:00,0.5,9.2,10.4,89,15,61,22000,8
09/11/2012 10:00,0.1,9.5,10.4,88,14,60,30000,8
09/11/2012 11:00,0.7,8,9.8,92,14,80,8000,8
09/11/2012 12:00,0.1,8.3,9.7,89,12,80,15000,7
09/11/2012 13:00,0,8.6,9.6,86,9,25,25000,7
09/11/2012 14:00,0,8.9,9.7,85,11,2,30000,7
09/11/2012 15:00,0,8.5,9.1,82,12,2,35000,7
09/11/2012 16:00,0,8.4,9,82,13,2,30000,7
09/11/2012 17:00,0,7.9,8.8,83,12,80,25000,7
09/11/2012 18:00,0,7.1,8.8,87,12,25,25000,7
09/11/2012 19:00,0,7,8.4,84,9,2,30000,7
09/11/2012 20:00,0,6.6,8,82,11,2,30000,5
09/11/2012 21:00,0,5.8,7.9,86,9,2,30000,5
09/11/2012 22:00,0,6.3,8.1,85,9,2,40000,7
09/11/2012 23:00,0,5.9,7.7,83,10,2,40000,7
10/11/2012 00:00,0,5.5,7.6,84,12,2,40000,4
10/11/2012 01:00,0,5.1,7.7,87,9,2,40000,5
10/11/2012 02:00,0,4.5,7.5,89,10,2,40000,5
10/11/2012 03:00,0,4.5,7.5,89,10,2,40000,5
10/11/2012 04:00,0,4.2,7.3,88,10,2,40000,5
10/11/2012 05:00,0,3.9,7.1,88,9,2,40000,2
10/11/2012 06:00,0,4,7,87,9,2,40000,2
10/11/2012 07:00,0,4.2,7.2,87,8,2,40000,1
10/11/2012 08:00,0,3.8,7.1,88,7,2,40000,1
10/11/2012 09:00,0,5.6,7.7,84,10,2,40000,6
10/11/2012 10:00,0,5.6,8.1,89,12,50,25000,6
10/11/2012 11:00,0,6.1,8.4,89,13,20,25000,7
10/11/2012 12:00,0,6.5,8.7,89,14,1,25000,5
10/11/2012 13:00,0,7.4,8.5,83,15,2,30000,5
10/11/2012 14:00,0,7.5,8,77,14,2,50000,6
10/11/2012 15:00,0,7.8,7.6,72,12,2,45000,3
10/11/2012 16:00,0,6.2,7.1,75,12,2,45000,2
10/11/2012 17:00,0,4.8,6.8,79,7,2,35000,1
10/11/2012 18:00,0,4.3,6.8,82,7,2,30000,3
10/11/2012 19:00,0,3.9,6.9,85,9,2,30000,1
10/11/2012 20:00,0,3.7,7,88,10,2,30000,1
10/11/2012 21:00,0,3.3,6.9,90,10,2,30000,1
10/11/2012 22:00,0,2.7,6.9,93,10,2,25000,1
10/11/2012 23:00,0,2.2,6.8,95,10,2,25000,1
11/11/2012 00:00,0,2.1,6.7,95,10,2,25000,1
11/11/2012 01:00,0,2.1,6.8,96,9,2,25000,3
11/11/2012 02:00,0,1.6,6.6,96,11,2,25000,3
11/11/2012 03:00,0,1.9,6.7,96,10,2,25000,2
11/11/2012 04:00,0,1.9,6.7,96,11,2,25000,1
11/11/2012 05:00,0,1.7,6.6,96,9,2,25000,1
11/11/2012 06:00,0,1.9,6.7,96,10,2,25000,1
11/11/2012 07:00,0,2.2,6.9,96,12,2,25000,3
11/11/2012 08:00,0,2.3,6.8,95,12,2,25000,1
11/11/2012 09:00,0,3,7.3,96,11,2,35000,2
11/11/2012 10:00,0,4.2,7.7,93,11,2,40000,2
11/11/2012 11:00,0,5.8,8.1,88,11,2,40000,2
11/11/2012 12:00,0,6.9,8.6,87,12,2,40000,2
11/11/2012 13:00,0,8.1,9,83,10,2,40000,4
11/11/2012 14:00,0,8.3,9.1,83,9,2,45000,6
11/11/2012 15:00,0,8.1,8.8,82,8,2,45000,7
11/11/2012 16:00,0,7.4,8.8,86,7,2,35000,7
11/11/2012 17:00,0,7.4,8.8,86,6,2,30000,8
11/11/2012 18:00,0,7.5,8.7,84,8,2,25000,8
11/11/2012 19:00,0,7.2,8.7,85,7,60,22000,8
11/11/2012 20:00,0,6.9,8.8,88,5,58,20000,8
11/11/2012 21:00,0.3,6.8,8.9,90,5,58,15000,8
11/11/2012 22:00,0.3,6.4,8.9,92,4,51,15000,8
11/11/2012 23:00,0.2,6.4,8.7,91,5,51,18000,8
12/11/2012 00:00,0.1,6.1,8.1,86,7,51,22000,8
12/11/2012 01:00,0,6.4,8.3,86,5,50,20000,8
12/11/2012 02:00,0,6.3,9,94,7,51,10000,8
12/11/2012 03:00,0.3,6.8,9.3,94,9,51,10000,8
12/11/2012 04:00,0,7.1,9.6,96,8,51,20000,8
12/11/2012 05:00,0.6,7.5,9.8,94,5,51,15000,8
12/11/2012 06:00,0.8,8,10.4,97,5,20,25000,8
12/11/2012 07:00,1,9.6,11.5,96,5,50,8000,8
12/11/2012 08:00,0.5,10.8,12.3,95,10,51,12000,8
12/11/2012 09:00,0,11.5,12.7,94,15,20,20000,7
12/11/2012 10:00,0,12,13.3,95,15,50,7000,7
12/11/2012 11:00,0,12.6,13.4,92,11,20,25000,7
12/11/2012 12:00,0,13,13,87,13,2,25000,7
12/11/2012 13:00,0,13.2,12.9,85,12,2,25000,7
12/11/2012 14:00,0,13.5,13,84,17,58,30000,7
12/11/2012 15:00,0,13.5,12.8,83,17,21,30000,7
12/11/2012 16:00,0,13.1,12.6,84,15,2,25000,7
12/11/2012 17:00,0,12.9,12.8,86,14,2,25000,7
12/11/2012 18:00,0,12.5,12.8,88,13,1,25000,3
12/11/2012 19:00,0,13,12.9,86,13,50,25000,7
12/11/2012 20:00,0,12.8,13,88,10,20,25000,7
12/11/2012 21:00,0,12.5,12.9,89,10,2,25000,7
12/11/2012 22:00,0,12.5,12.9,89,10,2,25000,7
12/11/2012 23:00,0,12.4,12.8,89,8,50,20000,7
13/11/2012 00:00,0,12.7,13.1,89,7,20,18000,8
13/11/2012 01:00,0.2,12.5,13.3,92,7,50,18000,7
13/11/2012 02:00,0,12.7,13.1,89,7,2,18000,7
13/11/2012 03:00,0,13.1,13,86,6,2,25000,7
13/11/2012 04:00,0,12.9,12.8,86,16,2,25000,8
13/11/2012 05:00,0,12.5,12.4,86,18,2,25000,8
13/11/2012 06:00,0,12.7,11.6,79,21,2,25000,8
13/11/2012 07:00,0,12.4,11.5,80,18,2,30000,8
13/11/2012 08:00,0,12.4,11.5,80,15,2,35000,7
13/11/2012 09:00,0,12.2,11.8,83,18,2,35000,7
13/11/2012 10:00,0,12.8,12.2,82,19,2,35000,7
13/11/2012 11:00,0,13.3,12.5,82,19,2,35000,7
13/11/2012 12:00,0,13.3,12.5,82,20,2,35000,7
13/11/2012 13:00,0,13.4,12.6,82,22,2,35000,7
13/11/2012 14:00,0,13.5,12.6,82,22,2,35000,7
13/11/2012 15:00,0,13.4,12.2,79,19,2,30000,7
13/11/2012 16:00,0,13,12.4,83,19,2,30000,7
13/11/2012 17:00,0,12.9,12.3,83,18,2,30000,8
13/11/2012 18:00,0,12.2,12.8,90,15,50,7000,8
13/11/2012 19:00,0.1,12.7,12.6,86,16,20,20000,8
13/11/2012 20:00,0,12.5,12.8,88,15,20,20000,8
13/11/2012 21:00,0.1,12.3,12.9,90,14,50,14000,8
13/11/2012 22:00,1.7,11.9,13.1,94,11,51,6000,8
13/11/2012 23:00,0.4,12.2,13,92,9,50,16000,8
14/11/2012 00:00,0.3,12.2,12.8,90,10,50,16000,8
14/11/2012 01:00,0.1,12.5,12.6,87,13,20,25000,8
14/11/2012 02:00,0,12.3,12.4,87,13,2,25000,7
14/11/2012 03:00,0,12.2,12.3,87,9,2,25000,7
14/11/2012 04:00,0,11.9,12.1,87,10,2,25000,7
14/11/2012 05:00,0,11.8,12,87,9,2,25000,7
14/11/2012 06:00,0,11.4,11.6,86,11,2,25000,7
14/11/2012 07:00,0,10.9,10.7,82,13,21,25000,7
14/11/2012 08:00,0,10.8,10.3,80,10,2,30000,7
14/11/2012 09:00,0,11.4,10,74,10,1,30000,6
14/11/2012 10:00,0,11.5,10.1,75,8,2,30000,6
14/11/2012 11:00,0,12.3,10.6,74,10,2,40000,7
14/11/2012 12:00,0,13.1,10.9,73,11,1,40000,6
14/11/2012 13:00,0,13.2,10.4,68,12,2,40000,6
14/11/2012 14:00,0,12.8,10,68,13,2,40000,6
14/11/2012 15:00,0,12.4,10.2,71,12,2,40000,6
14/11/2012 16:00,0,11.8,9.9,71,10,2,40000,6
14/11/2012 17:00,0,10.9,9.6,74,7,2,40000,6
14/11/2012 18:00,0,9.7,9.8,82,5,2,40000,5
14/11/2012 19:00,0,9,9.8,85,4,2,30000,4
14/11/2012 20:00,0,9.4,9.9,84,4,2,30000,7
14/11/2012 21:00,0,9.7,9.8,82,4,2,30000,7
14/11/2012 22:00,0,9.8,9.9,82,4,2,30000,7
14/11/2012 23:00,0,8.6,9.5,85,5,2,35000,2
15/11/2012 00:00,0,9.3,9.8,84,5,2,35000,6
15/11/2012 01:00,0,9.2,9.6,83,4,2,35000,7
15/11/2012 02:00,0,9.7,9.4,78,3,2,35000,7
15/11/2012 03:00,0,9.3,9.7,83,4,2,35000,7
15/11/2012 04:00,0,9,9.8,85,3,2,35000,7
15/11/2012 05:00,0,9.5,9.7,82,3,2,35000,7
15/11/2012 06:00,0,9.1,9.7,84,3,2,35000,7
15/11/2012 07:00,0,8.9,9.5,84,3,2,35000,7
15/11/2012 08:00,0,8.4,9.8,89,2,2,65000,7
15/11/2012 09:00,0,8.5,10,90,2,2,60000,7
15/11/2012 10:00,0,10.1,10.1,82,4,2,50000,7
15/11/2012 11:00,0,10.7,10.6,82,6,2,40000,6
15/11/2012 12:00,0,12.5,10.3,71,7,2,40000,3
15/11/2012 13:00,0,11.8,9.2,67,9,2,40000,4
15/11/2012 14:00,0,12.3,8.8,62,9,2,40000,3
15/11/2012 15:00,0,11.5,9.3,69,9,2,35000,7
15/11/2012 16:00,0,10.7,9.5,74,8,2,25000,7
15/11/2012 17:00,0,10.1,9.7,78,6,2,25000,7
15/11/2012 18:00,0,9,9.5,82,6,2,25000,3
15/11/2012 19:00,0,8.7,9.4,84,4,2,20000,3
15/11/2012 20:00,0,8.8,10.1,89,3,2,20000,7
15/11/2012 21:00,0,9,10.1,88,6,2,20000,7
15/11/2012 22:00,0,7.9,9.4,89,6,2,14000,7
15/11/2012 23:00,0,6.6,9,93,5,2,15000,3
16/11/2012 00:00,0,6.4,8.7,91,5,2,15000,6
16/11/2012 01:00,0,6.6,9,93,6,2,15000,7
16/11/2012 02:00,0,5.8,8.4,91,7,2,20000,3
16/11/2012 03:00,0,6.6,8.7,90,5,2,20000,7
16/11/2012 04:00,0,5.8,8.4,91,5,2,20000,4
16/11/2012 05:00,0,6.2,8.8,92,3,2,20000,7
16/11/2012 06:00,0,5.7,8.6,94,2,2,20000,7
16/11/2012 07:00,0,6.3,9,94,1,2,20000,7
16/11/2012 08:00,0,3.9,7.7,95,3,2,25000,7
16/11/2012 09:00,0,3.6,7.6,97,2,2,25000,5
16/11/2012 10:00,0,5.8,8.6,94,4,2,25000,3
16/11/2012 11:00,0,7.1,9.5,94,2,2,25000,7
16/11/2012 12:00,0,7.6,9.5,91,4,2,18000,6
16/11/2012 13:00,0,8,9.8,92,3,2,7000,8
16/11/2012 14:00,0,7.5,9.6,93,5,50,3800,8
16/11/2012 15:00,0,7.9,9.4,89,4,20,8000,7
16/11/2012 16:00,0,7.8,9.4,89,4,10,8000,8
16/11/2012 17:00,0,7.6,9.1,87,5,10,10000,8
16/11/2012 18:00,0,7.5,9.2,88,7,2,20000,7
16/11/2012 19:00,0,7.2,9.3,91,5,2,15000,7
16/11/2012 20:00,0,6.9,9.1,91,5,2,17000,8
16/11/2012 21:00,0,6.5,9.1,94,8,20,16000,8
16/11/2012 22:00,0,6.6,9,93,7,2,20000,8
16/11/2012 23:00,0.1,6.4,9,94,9,58,9000,8
17/11/2012 00:00,0.2,6.2,9,95,7,58,8000,8
17/11/2012 01:00,0.1,6,8.9,95,7,21,16000,7
17/11/2012 02:00,0,6.2,9.2,97,8,10,8000,8
17/11/2012 03:00,0,6.3,9.1,95,7,20,12000,7
17/11/2012 04:00,0,5.4,8.5,95,8,10,12000,7
17/11/2012 05:00,0,4.7,8.3,97,7,2,16000,3
17/11/2012 06:00,0,4.3,8,97,9,10,6000,5
17/11/2012 07:00,0,3.5,7.6,97,9,10,4500,5
17/11/2012 08:00,0,3.3,7.5,97,9,10,3500,7
17/11/2012 09:00,0,3.7,7.7,97,11,10,14000,1
17/11/2012 10:00,0,5.7,7.9,86,12,2,35000,1
17/11/2012 11:00,0,6.3,8,83,13,2,35000,1
17/11/2012 12:00,0,7.3,8,78,13,2,45000,1
17/11/2012 13:00,0,7.6,7.6,73,14,2,60000,3
17/11/2012 14:00,0,7.1,7.2,71,15,2,60000,4
17/11/2012 15:00,0,7.1,7.2,71,16,2,60000,2
17/11/2012 16:00,0,5.5,7.3,81,14,80,30000,3
17/11/2012 17:00,0,4.5,7.2,85,10,25,50000,1
17/11/2012 18:00,0,4.1,6.7,82,11,3,50000,3
17/11/2012 19:00,0,3.7,6.7,85,11,2,50000,1
17/11/2012 20:00,0,3.5,6.8,86,11,2,50000,1
17/11/2012 21:00,0,3.5,6.8,86,12,2,50000,1
17/11/2012 22:00,0,3.6,6.7,85,12,2,40000,1
17/11/2012 23:00,0,3.3,6.7,86,11,2,40000,1
18/11/2012 00:00,0,3.1,6.4,84,11,2,30000,1
18/11/2012 01:00,0,3,6.5,86,8,2,30000,1
18/11/2012 02:00,0,2.2,6.4,89,9,2,30000,1
18/11/2012 03:00,0,1.8,6.3,91,8,2,30000,1
18/11/2012 04:00,0,1.3,6.1,91,7,2,30000,1
18/11/2012 05:00,0,1.4,6.1,91,6,2,30000,1
18/11/2012 06:00,0,2,6.3,89,6,2,30000,1
18/11/2012 07:00,0,2.4,6.3,87,7,2,40000,1
18/11/2012 08:00,0,1.7,6,87,6,2,50000,6
18/11/2012 09:00,0,2.6,6.4,88,4,2,50000,7
18/11/2012 10:00,0,4.4,6.9,82,6,2,50000,7
18/11/2012 11:00,0,5.8,7.1,77,5,2,50000,7
18/11/2012 12:00,0,6.6,6.9,71,5,2,50000,7
18/11/2012 13:00,0,7.1,6.8,67,5,2,50000,8
18/11/2012 14:00,0,7,7.3,73,8,2,60000,8
18/11/2012 15:00,0,6.8,7.6,77,10,2,70000,8
18/11/2012 16:00,0.2,6.5,8.1,84,8,60,17000,8
18/11/2012 17:00,1.6,6.2,8.2,86,7,61,16000,8
18/11/2012 18:00,1.6,6.3,8.2,86,9,61,17000,8
18/11/2012 19:00,1.2,6.7,8.2,84,12,61,17000,8
18/11/2012 20:00,0.3,7.1,8.6,85,20,60,10000,7
18/11/2012 21:00,0.3,8.6,9.2,82,18,60,20000,7
18/11/2012 22:00,0.2,9.1,9.7,84,16,60,20000,7
18/11/2012 23:00,0.1,9.8,9.9,82,19,21,20000,7
19/11/2012 00:00,0,11.3,10.4,78,17,2,20000,7
19/11/2012 01:00,0,11.4,10.7,79,18,2,30000,7
19/11/2012 02:00,0,11.7,10.6,77,21,2,30000,7
19/11/2012 03:00,0,11.8,10.7,77,20,2,30000,7
19/11/2012 04:00,0.3,11.4,10.7,79,18,21,30000,7
19/11/2012 05:00,0.4,11,11.1,85,17,60,20000,7
19/11/2012 06:00,0.5,11.4,11.2,83,15,60,16000,7
19/11/2012 07:00,0,11.9,11.2,81,16,21,20000,7
19/11/2012 08:00,0,12.3,11.1,78,14,15,25000,7
19/11/2012 09:00,0,12.7,11.4,78,14,21,22000,7
19/11/2012 10:00,0,12.8,12.2,82,14,15,25000,7
19/11/2012 11:00,0,13.2,12.4,82,18,2,25000,6
19/11/2012 12:00,0,13.9,12.2,77,18,3,25000,7
19/11/2012 13:00,0,13.3,10.9,72,19,2,30000,6
19/11/2012 14:00,0,12.8,11,75,19,2,35000,7
19/11/2012 15:00,0,12.5,11.1,77,18,2,40000,7
19/11/2012 16:00,0,12.2,10.8,76,15,2,40000,7
19/11/2012 17:00,0,11.9,10.8,77,11,2,40000,7
19/11/2012 18:00,0,11.3,10.4,78,13,2,40000,5
19/11/2012 19:00,0,10.6,10.2,80,8,2,35000,7
19/11/2012 20:00,0,10.9,10.3,79,11,2,35000,7
19/11/2012 21:00,0,10.1,10.1,82,10,2,35000,3
19/11/2012 22:00,0,9.8,9.9,82,9,2,35000,6
19/11/2012 23:00,0,10.1,10,81,6,2,35000,4
20/11/2012 00:00,0,10.3,10,80,8,2,30000,3
20/11/2012 01:00,0,10.9,10.1,78,8,2,30000,4
20/11/2012 02:00,0,9.4,10.4,88,8,2,30000,6
20/11/2012 03:00,0,10.5,10.9,86,8,2,30000,7
20/11/2012 04:00,0,10.8,11.6,90,9,2,20000,7
20/11/2012 05:00,0,11.5,11.1,82,4,2,25000,7
20/11/2012 06:00,0,11.6,11.6,85,8,50,12000,7
20/11/2012 07:00,0,12,12,86,13,20,16000,7
20/11/2012 08:00,0,11.8,12.1,88,12,2,30000,7
20/11/2012 09:00,0,11.9,12.1,87,9,25,30000,7
20/11/2012 10:00,0,12.6,12,82,7,25,30000,6
20/11/2012 11:00,0,12.6,10.2,70,14,2,40000,6
20/11/2012 12:00,0,12.2,9.4,66,16,1,45000,2
20/11/2012 13:00,0,12.6,9.1,62,13,2,60000,3
20/11/2012 14:00,0,12.3,8.7,61,14,2,40000,2
20/11/2012 15:00,0,11.3,7.8,58,20,2,40000,2
20/11/2012 16:00,0,10.1,7.5,61,16,2,40000,4
20/11/2012 17:00,0,9.2,7.4,63,17,2,40000,4
20/11/2012 18:00,0,9.1,7.6,66,18,2,30000,3
20/11/2012 19:00,0,8.5,7.3,66,19,2,30000,1
20/11/2012 20:00,0,7.5,7.3,70,19,2,30000,6
20/11/2012 21:00,0,6.9,7.3,74,16,2,30000,6
20/11/2012 22:00,0,7.3,7.3,71,13,2,30000,8
20/11/2012 23:00,0,7,7.5,75,9,2,30000,8
21/11/2012 00:00,0,6.6,7.6,78,6,2,30000,8
21/11/2012 01:00,0,6.5,7.2,75,5,2,30000,7
21/11/2012 02:00,0,6,6.9,74,4,2,30000,7
21/11/2012 03:00,0,4.4,6.9,82,3,2,30000,8
21/11/2012 04:00,0,4.9,6.9,79,1,2,30000,8
21/11/2012 05:00,0,6.5,7.1,73,3,2,30000,8
21/11/2012 06:00,0,6.2,7.3,77,6,2,30000,7
21/11/2012 07:00,0,5.1,7.2,83,5,2,30000,7
21/11/2012 08:00,0,5.5,7.6,84,5,2,30000,7
21/11/2012 09:00,0,5.8,7.9,86,6,2,30000,5
21/11/2012 10:00,0,8.3,8.5,78,5,2,40000,2
21/11/2012 11:00,0,9.4,8.5,72,8,2,45000,1
21/11/2012 12:00,0,10.2,8.2,66,9,2,50000,1
21/11/2012 13:00,0,10.1,7.8,63,11,2,50000,1
21/11/2012 14:00,0,10,7.8,63,13,2,60000,2
21/11/2012 15:00,0,9.4,7.9,67,11,2,60000,1
21/11/2012 16:00,0,8.7,7.9,70,12,2,60000,1
21/11/2012 17:00,0,8.6,7.7,69,9,2,60000,1
21/11/2012 18:00,0,8.5,8.4,75,9,2,30000,3
21/11/2012 19:00,0,8.4,9,82,11,2,30000,5
21/11/2012 20:00,0.1,10.3,10.3,82,10,60,20000,7
21/11/2012 21:00,1.6,8.7,10.3,92,13,61,9000,8
21/11/2012 22:00,0.1,8.7,10.2,90,6,21,20000,3
21/11/2012 23:00,0,9.8,9.9,82,9,2,20000,3
22/11/2012 00:00,0,10.3,10.1,81,11,25,20000,3
22/11/2012 01:00,0,10.6,10.4,81,13,25,25000,4
22/11/2012 02:00,0,10.6,10.4,81,13,2,25000,7
22/11/2012 03:00,0,11.5,10.3,76,12,21,25000,8
22/11/2012 04:00,0.1,11.7,10.6,77,12,60,20000,8
22/11/2012 05:00,0,12.1,10.1,72,23,21,25000,8
22/11/2012 06:00,0,11.9,10.4,75,23,80,25000,8
22/11/2012 07:00,0.2,10.8,11,85,19,61,15000,8
22/11/2012 08:00,1.1,9.9,10.3,84,14,61,18000,8
22/11/2012 09:00,2.2,7.6,9.1,87,16,61,9000,8
22/11/2012 10:00,1.2,6.9,8.5,85,15,61,18000,8
22/11/2012 11:00,0.1,7,8.4,84,10,61,30000,8
22/11/2012 12:00,0,7,8.3,82,11,60,50000,8
22/11/2012 13:00,0.3,6.1,8.4,89,12,61,18000,8
22/11/2012 14:00,0.6,5.7,8.3,91,11,61,18000,8
22/11/2012 15:00,0.1,6.1,8,85,11,21,50000,7
22/11/2012 16:00,0,6.2,7.6,80,12,2,50000,7
22/11/2012 17:00,0,6.1,7.7,82,14,2,50000,6
22/11/2012 18:00,0,6.3,7.7,80,15,2,50000,3
22/11/2012 19:00,0,6.8,7.6,77,14,2,45000,6
22/11/2012 20:00,0,6.1,7.1,76,15,2,45000,4
22/11/2012 21:00,0,5.8,7.4,80,18,2,50000,2
22/11/2012 22:00,0,5.6,7.5,83,17,2,50000,4
22/11/2012 23:00,0,5.6,7.5,83,18,2,50000,5
23/11/2012 00:00,0,5.6,7.5,83,18,2,50000,5
23/11/2012 01:00,0,5.4,7.4,83,18,2,50000,5
23/11/2012 02:00,0,5.2,7.4,84,18,2,50000,4
23/11/2012 03:00,0,4.8,7.4,86,15,2,50000,4
23/11/2012 04:00,0,5.1,7.2,83,15,2,50000,2
23/11/2012 05:00,0,5.1,7.2,83,15,2,50000,2
23/11/2012 06:00,0,4.9,7.3,84,13,2,50000,3
23/11/2012 07:00,0,4.8,7.2,84,10,2,50000,7
23/11/2012 08:00,0,5.1,7.2,83,10,2,50000,7
23/11/2012 09:00,0,5.1,7.1,81,9,2,50000,6
23/11/2012 10:00,0,6,7.1,76,11,2,60000,1
23/11/2012 11:00,0,6.5,7.2,75,14,2,60000,1
23/11/2012 12:00,0,7.4,7.4,72,13,2,60000,1
23/11/2012 13:00,0,7.9,7.5,71,13,2,50000,2
23/11/2012 14:00,0,7.5,7.4,72,16,2,50000,2
23/11/2012 15:00,0,7.2,7.4,73,15,2,50000,2
23/11/2012 16:00,0,6.2,7.2,76,12,2,50000,2
23/11/2012 17:00,0,5.5,7.1,78,10,2,50000,1
23/11/2012 18:00,0,4.1,7,85,9,2,40000,1
23/11/2012 19:00,0,3.6,7,88,7,2,40000,1
23/11/2012 20:00,0,3.7,6.9,86,8,2,40000,1
23/11/2012 21:00,0,3.4,6.9,88,7,2,40000,1
23/11/2012 22:00,0,2.8,6.7,89,7,2,50000,1
23/11/2012 23:00,0,2.2,6.4,89,7,2,50000,1
24/11/2012 00:00,0,2.2,6.4,89,7,2,50000,1
24/11/2012 01:00,0,3.4,6.5,83,8,2,50000,1
24/11/2012 02:00,0,2.2,6.2,87,7,2,50000,1
24/11/2012 03:00,0,-0.5,5.3,90,2,2,50000,2
24/11/2012 04:00,0,-0.1,5.7,94,2,2,50000,2
24/11/2012 05:00,0,-1.1,5.3,94,3,2,50000,2
24/11/2012 06:00,0,-1.7,5.2,96,1,2,50000,2
24/11/2012 07:00,0,-2.2,5.1,98,1,2,50000,2
24/11/2012 08:00,0,-1.8,5.2,98,1,2,50000,7
24/11/2012 09:00,0,-0.7,5.6,96,2,2,50000,7
24/11/2012 10:00,0,0.7,6.2,96,3,2,50000,7
24/11/2012 11:00,0,2,6.7,94,4,2,50000,7
24/11/2012 12:00,0,3.6,7.4,93,6,2,40000,7
24/11/2012 13:00,0,4.6,7.8,92,5,2,40000,7
24/11/2012 14:00,0,5.4,7.6,84,5,2,40000,7
24/11/2012 15:00,0,4.9,7.5,87,5,2,40000,7
24/11/2012 16:00,0,5.3,7.4,83,5,2,40000,7
24/11/2012 17:00,0,5.3,7.5,84,5,21,30000,8
24/11/2012 18:00,0,5.6,8.1,89,6,60,20000,8
24/11/2012 19:00,0.9,5.1,7.7,87,5,61,25000,8
24/11/2012 20:00,0.9,4.5,7.9,93,7,61,15000,8
24/11/2012 21:00,1.9,4.2,7.7,93,10,61,12000,8
24/11/2012 22:00,1.8,4.4,7.9,95,11,58,8000,8
24/11/2012 23:00,2.1,4.1,7.8,95,13,63,8000,8
25/11/2012 00:00,0.4,4,7.6,93,14,61,20000,8
25/11/2012 01:00,0,3.9,7.5,93,14,50,25000,8
25/11/2012 02:00,0,3.7,7.4,93,12,50,18000,8
25/11/2012 03:00,0,3.7,7.3,92,10,2,25000,7
25/11/2012 04:00,0,2.9,7,93,11,10,12000,7
25/11/2012 05:00,0,1.7,6.6,96,12,11,1300,7
25/11/2012 06:00,0,0.9,6.5,100,12,46,900,8
25/11/2012 07:00,0,0.6,6.3,98,8,46,800,8
25/11/2012 08:00,0,0.3,6.1,98,8,46,500,7
25/11/2012 09:00,0,0.7,6.3,98,6,28,25000,1
25/11/2012 10:00,0,3,6.9,91,2,2,30000,1
25/11/2012 11:00,0,5.9,7,76,1,2,60000,2
25/11/2012 12:00,0,4.1,7.1,87,3,3,50000,6
25/11/2012 13:00,0,5.3,7.8,87,4,2,50000,7
25/11/2012 14:00,0,3.9,7.4,92,7,2,40000,7
25/11/2012 15:00,0,4.5,7.7,92,7,60,25000,7
25/11/2012 16:00,1,5.3,7.6,86,7,61,15000,7
25/11/2012 17:00,4.2,4.9,7.3,84,10,63,12000,8
25/11/2012 18:00,1.8,4.5,7.5,89,12,61,15000,8
25/11/2012 19:00,0.6,4.8,7.6,89,14,61,18000,8
25/11/2012 20:00,0.5,5.4,7.7,86,14,61,15000,8
25/11/2012 21:00,3.1,5.2,7.6,86,17,63,18000,8
25/11/2012 22:00,4.1,4.8,7.9,92,20,63,18000,8
25/11/2012 23:00,3.1,4.6,7.6,90,17,63,18000,8
26/11/2012 00:00,3.2,4.7,8.1,95,16,63,14000,8
26/11/2012 01:00,1.7,4.7,8,93,16,63,18000,8
26/11/2012 02:00,3.3,4.4,7.9,95,12,63,16000,8
26/11/2012 03:00,2.7,4.6,8.1,95,13,63,12000,8
26/11/2012 04:00,0.7,4.7,7.8,92,16,61,18000,8
26/11/2012 05:00,0.2,4.9,7.8,90,17,61,20000,8
26/11/2012 06:00,0,5,7.6,87,18,21,20000,7
26/11/2012 07:00,0,5.2,7.6,86,19,21,20000,7
26/11/2012 08:00,0,4.9,7.4,86,20,60,20000,8
26/11/2012 09:00,0.1,4.7,7.6,89,17,61,14000,7
26/11/2012 10:00,0.1,5.2,7.6,86,16,21,25000,6
26/11/2012 11:00,0,5.6,7.5,83,16,2,30000,6
26/11/2012 12:00,0,6.1,7.6,80,17,1,30000,4
26/11/2012 13:00,0,6.9,7.6,77,16,2,30000,4
26/11/2012 14:00,0,6.9,7.5,75,19,2,30000,6
26/11/2012 15:00,0,6.8,7.3,74,19,2,30000,5
26/11/2012 16:00,0,6,7.2,77,18,2,30000,1
26/11/2012 17:00,0,6.2,7.8,82,14,2,30000,4
26/11/2012 18:00,0,5.9,7.7,83,16,2,30000,4
26/11/2012 19:00,0,5.7,7.5,82,16,2,30000,4
26/11/2012 20:00,0,4.7,7.2,84,16,2,30000,4
26/11/2012 21:00,0,4.7,7,82,15,2,30000,3
26/11/2012 22:00,0,4.5,7,84,16,2,30000,3
26/11/2012 23:00,0,4.6,7,82,16,2,30000,3
27/11/2012 00:00,0,4.3,6.7,80,19,2,30000,2
27/11/2012 01:00,0,3.7,6.5,81,16,2,30000,2
27/11/2012 02:00,0,3.5,6.4,81,16,2,30000,1
27/11/2012 03:00,0,3.3,6.3,81,16,2,30000,1
27/11/2012 04:00,0,2.9,6.2,83,17,2,30000,2
27/11/2012 05:00,0,2.9,6.2,83,15,2,30000,6
27/11/2012 06:00,0,3.5,6.5,83,16,2,30000,6
27/11/2012 07:00,0,4,6.6,82,16,25,30000,5
27/11/2012 08:00,0,3.5,6.5,83,15,2,30000,2
27/11/2012 09:00,0,3.5,6.4,81,14,2,30000,2
27/11/2012 10:00,0,4.7,6.6,78,12,2,50000,7
27/11/2012 11:00,0,5.2,6.8,76,13,2,30000,6
27/11/2012 12:00,0,6.1,6.9,73,13,2,30000,5
27/11/2012 13:00,0,6.5,6.5,68,13,2,40000,1
27/11/2012 14:00,0,6.6,6.5,66,12,2,30000,1
27/11/2012 15:00,0,5.9,6.5,70,10,2,50000,1
27/11/2012 16:00,0,4.3,6.3,76,10,2,50000,1
27/11/2012 17:00,0,2.8,6.2,82,9,2,50000,1
27/11/2012 18:00,0,2.5,6.1,84,10,2,50000,1
27/11/2012 19:00,0,1.2,5.9,89,9,2,50000,1
27/11/2012 20:00,0,2.1,6.3,89,8,2,50000,1
27/11/2012 21:00,0,1.4,6.2,92,8,2,50000,1
27/11/2012 22:00,0,1,6.2,94,8,2,30000,1
27/11/2012 23:00,0,1.3,6.3,94,9,2,30000,1
28/11/2012 00:00,0,0.5,6,94,10,2,30000,1
28/11/2012 01:00,0,0.8,6,92,10,2,30000,1
28/11/2012 02:00,0,0.5,6.1,96,9,2,30000,1
28/11/2012 03:00,0,0.5,6,94,9,2,30000,1
28/11/2012 04:00,0,0.4,6,96,8,2,30000,1
28/11/2012 05:00,0,-0.4,5.7,96,8,2,30000,1
28/11/2012 06:00,0,0.2,5.9,96,7,2,30000,1
28/11/2012 07:00,0,-0.2,5.8,96,7,2,30000,1
28/11/2012 08:00,0,0.5,6.1,96,8,2,25000,1
28/11/2012 09:00,0,0.9,6.1,94,9,2,40000,1
28/11/2012 10:00,0,1.9,6.5,93,8,2,50000,1
28/11/2012 11:00,0,3.7,7,88,9,2,40000,1
28/11/2012 12:00,0,4.8,7.4,86,8,2,40000,1
28/11/2012 13:00,0,5.3,7.2,81,10,2,40000,1
28/11/2012 14:00,0,5.5,7.2,80,11,2,40000,1
28/11/2012 15:00,0,4.9,7,81,10,2,40000,1
28/11/2012 16:00,0,3.3,6.5,85,7,2,30000,1
28/11/2012 17:00,0,2.7,6.2,84,8,2,30000,1
28/11/2012 18:00,0,1.9,6,85,9,2,30000,1
28/11/2012 19:00,0,1.3,5.9,89,8,2,30000,1
28/11/2012 20:00,0,0.5,5.7,90,8,2,30000,1
28/11/2012 21:00,0,0.5,5.8,92,7,2,30000,1
28/11/2012 22:00,0,0.1,5.7,92,9,2,30000,1
28/11/2012 23:00,0,0.7,5.9,92,9,2,30000,1
29/11/2012 00:00,0,0.1,5.7,92,9,2,30000,1
29/11/2012 01:00,0,-0.3,5.6,94,9,2,30000,1
29/11/2012 02:00,0,-0.6,5.5,94,8,2,30000,1
29/11/2012 03:00,0,-0.3,5.7,96,6,2,30000,1
29/11/2012 04:00,0,-0.3,5.6,94,9,2,30000,1
29/11/2012 05:00,0,-0.2,5.6,94,9,2,30000,3
29/11/2012 06:00,0,-0.5,5.6,96,8,2,30000,5
29/11/2012 07:00,0,-0.6,5.6,96,8,2,30000,5
29/11/2012 08:00,0,-0.8,5.5,96,8,2,25000,5
29/11/2012 09:00,0,0.4,5.9,94,7,2,40000,7
29/11/2012 10:00,0,1.3,6.2,92,6,2,40000,7
29/11/2012 11:00,0,2,6.5,93,6,2,50000,6
29/11/2012 12:00,0,3.7,7,88,8,2,50000,6
29/11/2012 13:00,0,4,7,87,6,2,50000,7
29/11/2012 14:00,0,4.4,7,84,5,2,50000,7
29/11/2012 15:00,0,3.6,7.1,90,5,2,50000,7
29/11/2012 16:00,0,2.7,6.8,91,5,2,50000,7
29/11/2012 17:00,0,2.1,6.6,93,3,2,50000,7
29/11/2012 18:00,0,2.2,6.6,93,4,2,20000,7
29/11/2012 19:00,0,0.9,6.1,94,5,2,20000,7
29/11/2012 20:00,0,1,6.3,96,5,2,12000,7
29/11/2012 21:00,0,1.2,6.4,96,5,2,16000,7
29/11/2012 22:00,0,1,6.3,96,7,2,16000,7
29/11/2012 23:00,0,0.5,6.1,96,7,10,12000,7
30/11/2012 00:00,0,0.8,6.2,96,6,2,16000,7
30/11/2012 01:00,0,0.6,6.1,96,7,2,16000,7
30/11/2012 02:00,0,0.9,6,92,7,2,16000,7
30/11/2012 03:00,0,1.1,6.1,92,6,2,20000,7
30/11/2012 04:00,0,1.2,6.2,92,4,2,20000,7
30/11/2012 05:00,0,1,6.1,92,4,2,20000,7
30/11/2012 06:00,0,1.3,6.1,91,4,2,20000,7
30/11/2012 07:00,0,0.5,6,94,2,2,30000,7
30/11/2012 08:00,0,0.2,5.8,94,2,2,30000,6
30/11/2012 09:00,0,1.1,6.1,92,2,2,50000,5
30/11/2012 10:00,0,3.5,6.6,85,2,2,60000,3
30/11/2012 11:00,0,5.2,7.4,84,4,2,60000,3
30/11/2012 12:00,0,6.5,6.7,69,5,2,60000,3
30/11/2012 13:00,0,7.3,7.2,70,6,2,60000,3
30/11/2012 14:00,0,6.1,7.4,79,6,2,60000,5
30/11/2012 15:00,0,5.9,8.1,88,6,2,60000,5
30/11/2012 16:00,0,5.1,7.4,84,6,2,60000,5
30/11/2012 17:00,0,4.7,7.4,87,4,2,40000,7
30/11/2012 18:00,0,3,6.6,88,4,2,40000,6
30/11/2012 19:00,0,0.6,6,94,3,2,30000,1
30/11/2012 20:00,0,0.7,6.3,98,5,2,30000,1
30/11/2012 21:00,0,0.2,6.2,100,6,2,30000,1
30/11/2012 22:00,0,0.7,6.4,100,7,2,30000,3
30/11/2012 23:00,0,1.4,6.6,98,8,10,9000,7
01/01/2013 00:00,0,2.7,6.6,89,15,2,30000,4
01/01/2013 01:00,0,3.2,6.6,86,16,2,30000,3
01/01/2013 02:00,0,2.7,6.6,89,15,2,30000,2
01/01/2013 03:00,0,2.5,6.5,89,14,2,30000,2
01/01/2013 04:00,0,2.7,6.6,89,13,2,30000,2
01/01/2013 05:00,0,2.3,6.6,91,14,2,30000,2
01/01/2013 06:00,0,1.9,6.4,91,16,2,30000,2
01/01/2013 07:00,0,2,6.3,89,16,2,35000,2
01/01/2013 08:00,0,2.1,6.3,89,17,2,35000,2
01/01/2013 09:00,0,1.8,6.3,91,17,2,35000,1
01/01/2013 10:00,0,2.5,6.5,89,18,2,35000,3
01/01/2013 11:00,0,3.2,6.6,86,18,2,35000,6
01/01/2013 12:00,0,4.9,6.9,79,18,2,35000,6
01/01/2013 13:00,0,5.2,7.2,81,17,2,35000,5
01/01/2013 14:00,0,5.6,7.4,81,16,2,35000,6
01/01/2013 15:00,0,5.9,7.4,80,11,2,35000,6
01/01/2013 16:00,0,5.7,7.5,82,12,2,35000,4
01/01/2013 17:00,0,5.5,7.5,83,12,25,35000,3
01/01/2013 18:00,0,5.2,7.4,84,12,3,30000,4
01/01/2013 19:00,0,4.5,7.2,85,14,2,30000,3
01/01/2013 20:00,0,4.7,7.4,87,14,2,30000,6
01/01/2013 21:00,0,4.8,7.4,86,13,2,30000,7
01/01/2013 22:00,0,5.3,7.5,84,14,2,25000,8
01/01/2013 23:00,0,5.5,7.5,83,14,2,25000,8
02/01/2013 00:00,0,5.6,7.8,86,13,2,25000,7
02/01/2013 01:00,0,6,8.1,86,11,2,25000,7
02/01/2013 02:00,0,6.5,8.4,87,10,2,25000,8
02/01/2013 03:00,0,7,8.8,88,9,58,20000,8
02/01/2013 04:00,0,7,9.4,94,10,21,18000,8
02/01/2013 05:00,0,7.9,9.7,91,14,58,20000,8
02/01/2013 06:00,0,8.1,10.2,94,14,58,9000,8
02/01/2013 07:00,0,8.7,10.6,94,17,21,18000,8
02/01/2013 08:00,0,9.3,10.9,93,18,50,18000,7
02/01/2013 09:00,0,9.8,11.3,93,17,20,12000,8
02/01/2013 10:00,0,10,11.8,96,17,58,6000,8
02/01/2013 11:00,0,10.9,12,92,17,21,12000,8
02/01/2013 12:00,0,11,12.3,94,20,50,7000,8
02/01/2013 13:00,0,11.1,12.2,92,20,20,10000,8
02/01/2013 14:00,0,11.6,12.3,90,19,2,25000,8
02/01/2013 15:00,0,12,12.3,88,20,21,30000,7
02/01/2013 16:00,0,11.7,12.2,89,19,2,30000,8
02/01/2013 17:00,0,11.5,12.2,90,18,2,30000,7
02/01/2013 18:00,0,11.5,12.2,90,16,2,30000,7
02/01/2013 19:00,0,11.5,12.4,91,18,2,30000,7
02/01/2013 20:00,0,11.6,12,88,16,2,30000,6
02/01/2013 21:00,0,11.6,12,88,14,2,25000,7
02/01/2013 22:00,0,11.3,11.9,89,15,2,25000,8
02/01/2013 23:00,0,11.3,12,90,15,2,25000,8
03/01/2013 00:00,0,11.4,12,89,15,2,25000,8
03/01/2013 01:00,0,11.4,12,89,12,2,25000,8
03/01/2013 02:00,0,11.3,12,90,11,2,25000,8
03/01/2013 03:00,0,11.4,12.3,91,11,2,25000,8
03/01/2013 04:00,0,11.4,12.3,91,9,50,15000,8
03/01/2013 05:00,0,11,12.3,94,9,20,15000,8
03/01/2013 06:00,0,10.9,12.4,95,10,50,8000,8
03/01/2013 07:00,0,11,12.3,94,11,20,15000,8
03/01/2013 08:00,0,10.9,12.2,94,9,2,20000,7
03/01/2013 09:00,0,10.7,12.5,97,9,50,3500,8
03/01/2013 10:00,0,11,12.5,95,9,20,25000,7
03/01/2013 11:00,0,11.8,12.3,89,9,2,35000,7
03/01/2013 12:00,0,12.2,12.2,86,12,2,35000,7
03/01/2013 13:00,0,12,12.2,87,14,2,35000,7
03/01/2013 14:00,0,12.1,12.2,87,15,2,35000,7
03/01/2013 15:00,0,11.9,11.9,85,12,2,45000,7
03/01/2013 16:00,0,11.4,11.8,88,10,2,45000,7
03/01/2013 17:00,0,11.4,11.8,88,12,2,40000,7
03/01/2013 18:00,0,11.3,11.9,89,11,2,40000,7
03/01/2013 19:00,0,11.3,11.7,88,13,2,40000,7
03/01/2013 20:00,0,10.7,11.4,89,13,2,40000,7
03/01/2013 21:00,0,11,11.1,85,12,2,40000,6
03/01/2013 22:00,0,10.7,11.1,86,14,2,30000,7
03/01/2013 23:00,0,10.7,10.9,85,16,2,30000,7
04/01/2013 00:00,0,10.4,10.8,86,14,2,30000,7
04/01/2013 01:00,0,10.2,10.8,87,12,2,30000,7
04/01/2013 02:00,0,10.2,10.8,87,9,2,30000,7
04/01/2013 03:00,0,10,11,90,8,20,30000,7
04/01/2013 04:00,0,10.1,10.4,84,10,2,30000,7
04/01/2013 05:00,0,9.9,10,82,13,2,30000,7
04/01/2013 06:00,0,8.7,9.6,85,9,2,30000,7
04/01/2013 07:00,0,8.1,9.4,87,8,2,30000,4
04/01/2013 08:00,0,8.8,9.9,88,11,2,30000,7
04/01/2013 09:00,0,8.8,10.1,89,10,2,35000,7
04/01/2013 10:00,0,9.5,10.4,88,8,2,35000,5
04/01/2013 11:00,0,9.8,10.4,86,6,2,35000,3
04/01/2013 12:00,0,10.3,10.4,83,6,2,35000,3
04/01/2013 13:00,0,10.4,10.4,82,10,2,40000,4
04/01/2013 14:00,0,9.8,10.2,84,14,2,40000,7
04/01/2013 15:00,0,9.7,10.4,87,13,2,40000,7
04/01/2013 16:00,0,10.1,10.6,86,10,2,35000,7
04/01/2013 17:00,0,10.3,10.4,83,11,2,35000,7
04/01/2013 18:00,0,10,10.4,84,7,2,35000,6
04/01/2013 19:00,0,8.8,9.8,86,3,2,35000,6
04/01/2013 20:00,0,6.7,9.2,94,2,2,35000,5
04/01/2013 21:00,0,7,9.3,93,2,2,30000,5
04/01/2013 22:00,0,4.9,8.4,97,2,2,30000,6
04/01/2013 23:00,0,5.7,9,98,1,11,20000,6
05/01/2013 00:00,0,7.2,9.7,96,1,11,20000,4
05/01/2013 01:00,0,4.7,8.3,97,1,11,20000,2
05/01/2013 02:00,0,4,7.9,97,1,11,20000,2
05/01/2013 03:00,0,7.8,10.3,97,3,2,20000,2
05/01/2013 04:00,0,8.9,9.8,86,4,2,30000,4
05/01/2013 05:00,0,8.8,9.3,82,5,2,30000,4
05/01/2013 06:00,0,8.9,9.4,82,12,2,30000,4
05/01/2013 07:00,0,9.1,9.5,83,13,2,30000,5
05/01/2013 08:00,0,10.2,9.9,80,12,2,30000,7
05/01/2013 09:00,0,10.4,10.4,82,11,2,30000,7
05/01/2013 10:00,0,10.7,10.4,81,8,2,25000,7
05/01/2013 11:00,0,11,10.5,80,6,2,25000,7
05/01/2013 12:00,0,11,10.8,83,9,2,25000,8
05/01/2013 13:00,0,10.9,10.9,84,14,2,25000,7
05/01/2013 14:00,0,11.1,10.7,81,12,2,25000,7
05/01/2013 15:00,0,11,10.8,83,13,21,20000,7
05/01/2013 16:00,0,11.4,11.3,84,12,21,20000,7
05/01/2013 17:00,0,11.4,11.6,86,15,2,20000,7
05/01/2013 18:00,0,11.1,11.7,89,15,21,20000,6
05/01/2013 19:00,0,10.7,11.7,91,12,2,25000,4
05/01/2013 20:00,0,10.7,11.9,92,10,2,25000,6
05/01/2013 21:00,0,9.5,11.1,93,5,2,25000,7
05/01/2013 22:00,0,8.8,10.7,95,2,2,25000,7
05/01/2013 23:00,0,9.1,11.1,96,5,2,25000,7
06/01/2013 00:00,0,9.8,11.1,92,4,2,25000,5
06/01/2013 01:00,0,8.1,9.9,92,6,2,20000,2
06/01/2013 02:00,0,4.3,7.6,92,4,10,15000,2
06/01/2013 03:00,0,3.6,7.8,98,3,41,700,2
06/01/2013 04:00,0,4.4,8.4,100,6,41,800,2
06/01/2013 05:00,0,9.4,10.7,91,4,28,15000,5
06/01/2013 06:00,0,6.8,9.4,96,6,10,8000,6
06/01/2013 07:00,0,9.3,11.1,95,8,10,14000,7
06/01/2013 08:00,0,9.1,11.1,96,11,10,3000,7
06/01/2013 09:00,0,8.1,10.5,97,6,28,50000,7
06/01/2013 10:00,0,9.3,9.4,80,7,2,50000,7
06/01/2013 11:00,0,9.7,8.9,74,12,2,50000,7
06/01/2013 12:00,0,9.2,9.6,83,12,2,50000,7
06/01/2013 13:00,0,9.7,9.4,78,8,2,50000,7
06/01/2013 14:00,0,10.3,9.3,75,5,2,40000,7
06/01/2013 15:00,0,10.8,10,78,5,2,40000,7
06/01/2013 16:00,0,10.7,10.4,81,11,2,25000,7
06/01/2013 17:00,0,10.3,10.4,83,8,2,25000,7
06/01/2013 18:00,0,10.3,10.4,83,8,2,25000,7
06/01/2013 19:00,0,10.1,10.4,84,6,2,25000,7
06/01/2013 20:00,0,10.4,10.5,83,3,2,20000,6
06/01/2013 21:00,0,10.2,10.5,85,8,2,20000,6
06/01/2013 22:00,0,10,10.7,87,7,25,20000,8
06/01/2013 23:00,0,10.2,10,81,6,2,20000,8
07/01/2013 00:00,0,10.2,10,81,5,80,20000,7
07/01/2013 01:00,0,10.1,10.1,82,4,25,20000,6
07/01/2013 02:00,0.2,9.4,10.4,88,4,60,20000,8
07/01/2013 03:00,0.4,8.6,10.4,93,3,61,20000,8
07/01/2013 04:00,0.2,8.5,10.5,94,5,21,20000,8
07/01/2013 05:00,0,8.6,10.4,93,6,21,20000,8
07/01/2013 06:00,0.1,8.8,10.7,95,8,60,20000,8
07/01/2013 07:00,0.1,8.8,10.9,96,7,21,20000,8
07/01/2013 08:00,0.2,8.7,10.8,96,5,60,20000,8
07/01/2013 09:00,0.7,9.4,11.3,96,4,61,6000,8
07/01/2013 10:00,0.1,10.7,11.9,92,3,60,9000,8
07/01/2013 11:00,0.1,11.1,11.7,89,4,21,14000,8
07/01/2013 12:00,0.2,11,12,91,12,60,12000,8
07/01/2013 13:00,0.1,11.5,11.9,88,13,21,20000,7
07/01/2013 14:00,0,11.4,12,89,13,21,20000,7
07/01/2013 15:00,0.1,11.2,12,90,15,21,25000,7
07/01/2013 16:00,0,11.4,12,89,15,60,25000,7
07/01/2013 17:00,0.1,11.4,12,89,14,21,25000,7
07/01/2013 18:00,0,11.3,12,90,14,2,25000,7
07/01/2013 19:00,0,11.4,12,89,10,2,25000,7
07/01/2013 20:00,0,11.2,12,90,11,50,25000,8
07/01/2013 21:00,0,11.5,11.9,88,12,20,25000,8
07/01/2013 22:00,0,11.1,11.9,90,8,2,25000,8
07/01/2013 23:00,0,11,11.8,90,8,21,25000,8
08/01/2013 00:00,0,11.4,11.6,86,10,2,25000,8
08/01/2013 01:00,0,11.7,11.9,87,10,2,30000,8
08/01/2013 02:00,0,11.8,12.1,88,11,2,30000,8
08/01/2013 03:00,0,12.1,12.2,87,12,21,30000,8
08/01/2013 04:00,0,11.9,12.2,88,11,2,30000,8
08/01/2013 05:00,0,11.8,12.1,88,11,2,30000,7
08/01/2013 06:00,0,12,12.3,88,11,2,30000,7
08/01/2013 07:00,0,11.8,12.6,91,12,2,30000,7
08/01/2013 08:00,0.1,11,12.3,94,12,50,12000,7
08/01/2013 09:00,0.2,9.6,11,92,12,50,18000,7
08/01/2013 10:00,0.1,9.2,10.5,91,12,20,25000,7
08/01/2013 11:00,0,8.8,9.8,86,12,2,28000,7
08/01/2013 12:00,0,8.8,9.6,85,8,2,30000,7
08/01/2013 13:00,0,8.9,9.5,84,9,2,30000,6
08/01/2013 14:00,0,8.9,9.5,84,9,2,30000,4
08/01/2013 15:00,0,9.4,9.6,81,10,2,35000,2
08/01/2013 16:00,0,7.5,8.7,84,10,2,35000,1
08/01/2013 17:00,0,5.9,8.1,88,8,2,35000,1
08/01/2013 18:00,0,4.1,7.6,93,6,2,35000,1
08/01/2013 19:00,0,4.2,7.7,93,5,2,35000,1
08/01/2013 20:00,0,4.5,7.7,92,7,2,35000,5
08/01/2013 21:00,0,2.3,6.9,96,7,2,35000,1
08/01/2013 22:00,0,2.2,6.9,96,7,2,35000,1
08/01/2013 23:00,0,2,6.9,98,6,2,35000,1
09/01/2013 00:00,0,2.4,7,96,4,10,15000,1
09/01/2013 01:00,0,2.4,7,96,3,10,15000,1
09/01/2013 02:00,0,0.9,6.3,96,6,10,12000,1
09/01/2013 03:00,0,0.5,6.3,100,6,10,12000,1
09/01/2013 04:00,0,0.6,6.3,98,7,10,12000,1
09/01/2013 05:00,0,-0.6,5.7,98,7,10,12000,1
09/01/2013 06:00,0,-0.8,5.8,100,7,10,12000,0
09/01/2013 07:00,0,-0.5,5.9,100,6,2,30000,0
09/01/2013 08:00,0,-1.8,5.4,100,5,2,40000,1
09/01/2013 09:00,0,-1.6,5.4,100,5,2,35000,1
09/01/2013 10:00,0,0.3,6.2,100,3,2,25000,3
09/01/2013 11:00,0,2.6,7.2,98,3,2,25000,3
09/01/2013 12:00,0,6.6,7.7,79,2,2,30000,5
09/01/2013 13:00,0,6.9,7.6,77,1,2,20000,4
09/01/2013 14:00,0,7.1,7.5,74,3,2,18000,2
09/01/2013 15:00,0,7.7,7.8,75,4,2,18000,2
09/01/2013 16:00,0,4.6,7.1,84,4,2,20000,2
09/01/2013 17:00,0,2.3,6.4,89,3,2,20000,2
09/01/2013 18:00,0,1.6,6.5,94,4,2,20000,1
09/01/2013 19:00,0,-0.4,5.7,96,3,2,20000,0
09/01/2013 20:00,0,-0.9,5.6,98,2,2,20000,0
09/01/2013 21:00,0,-2,5.3,100,3,2,20000,0
09/01/2013 22:00,0,-1.6,5.3,98,4,2,20000,2
09/01/2013 23:00,0,0.3,6.2,100,7,2,20000,3
10/01/2013 00:00,0,3.1,7.4,96,6,2,20000,5
10/01/2013 01:00,0,2.9,6.9,91,6,2,20000,1
10/01/2013 02:00,0,-0.5,5.6,96,4,2,20000,1
10/01/2013 03:00,0,-1.7,5.3,98,3,2,20000,1
10/01/2013 04:00,0,-1.9,5.3,100,1,2,20000,2
10/01/2013 05:00,0,-1.2,5.5,98,3,2,20000,3
10/01/2013 06:00,0,-0.4,5.8,98,3,2,20000,7
10/01/2013 07:00,0,1.5,6.7,98,5,2,20000,7
10/01/2013 08:00,0,2.4,6.9,95,7,2,20000,3
10/01/2013 09:00,0,2.9,7.4,98,7,2,25000,3
10/01/2013 10:00,0,4.8,8.5,98,8,2,25000,6
10/01/2013 11:00,0.4,5.6,8.8,97,7,60,16000,7
10/01/2013 12:00,0.8,5.7,8.7,95,7,61,5000,7
10/01/2013 13:00,0.6,5.7,8.9,97,4,61,4500,8
10/01/2013 14:00,0.2,6.3,9.3,97,4,21,15000,7
10/01/2013 15:00,0,6.7,9.1,93,6,2,16000,7
10/01/2013 16:00,0,6.6,8.7,90,9,2,25000,7
10/01/2013 17:00,0,6.1,8.3,88,11,2,30000,6
10/01/2013 18:00,0,6,7.9,85,12,2,30000,6
10/01/2013 19:00,0,5.3,7.6,86,15,2,30000,5
10/01/2013 20:00,0,4.6,7.4,87,15,2,30000,5
10/01/2013 21:00,0,3.9,7.1,88,11,2,30000,4
10/01/2013 22:00,0,3.6,7,88,9,2,20000,1
10/01/2013 23:00,0,4,7,87,9,2,20000,2
11/01/2013 00:00,0,3.1,6.8,90,8,2,20000,2
11/01/2013 01:00,0,3.4,6.9,88,8,2,25000,0
11/01/2013 02:00,0,3.3,6.8,88,7,2,25000,0
11/01/2013 03:00,0,3.2,6.9,90,6,2,25000,0
11/01/2013 04:00,0,3.3,6.8,88,4,2,25000,0
11/01/2013 05:00,0,1.6,6.3,93,3,2,25000,0
11/01/2013 06:00,0,-0.2,5.8,96,4,2,25000,0
11/01/2013 07:00,0,-1.2,5.5,98,3,2,25000,1
11/01/2013 08:00,0,0.2,5.9,96,5,2,50000,6
11/01/2013 09:00,0,2.3,6.8,95,4,2,50000,6
11/01/2013 10:00,0,4,7.2,88,5,2,40000,7
11/01/2013 11:00,0,5.6,7.5,83,5,2,40000,3
11/01/2013 12:00,0,7,8.5,85,10,2,40000,3
11/01/2013 13:00,0.1,6.8,9,91,11,60,14000,8
11/01/2013 14:00,0,7,9.1,91,9,21,20000,8
11/01/2013 15:00,0,7.3,9.5,93,9,58,15000,8
11/01/2013 16:00,0,7.3,9.6,94,9,21,20000,7
11/01/2013 17:00,0,7,9.6,96,10,2,20000,7
11/01/2013 18:00,0,6.6,9.2,94,9,2,20000,7
11/01/2013 19:00,0,6.5,9.2,95,5,2,20000,5
11/01/2013 20:00,0,3.8,7.6,95,6,2,30000,7
11/01/2013 21:00,0,4.9,8.4,97,8,2,30000,3
11/01/2013 22:00,0,3.4,7.7,98,7,2,30000,5
11/01/2013 23:00,0,5.1,8.6,98,7,28,8000,4
12/01/2013 00:00,0,3.3,7.6,98,7,25,20000,7
12/01/2013 01:00,1,6.3,8.7,91,8,80,8000,7
12/01/2013 02:00,0.2,6.3,9,94,7,25,25000,7
12/01/2013 03:00,0,7.2,9.6,94,10,2,25000,7
12/01/2013 04:00,0,7,9.1,91,11,2,25000,7
12/01/2013 05:00,0,6.6,8.7,90,10,2,25000,7
12/01/2013 06:00,0,6.5,8.8,91,8,2,25000,7
12/01/2013 07:00,0,6.3,8.5,89,7,2,30000,7
12/01/2013 08:00,0,6.6,8.7,90,8,2,30000,7
12/01/2013 09:00,0,6.1,8.7,92,7,2,25000,7
12/01/2013 10:00,0,6.1,8.7,92,10,10,9000,7
12/01/2013 11:00,0,5.9,8.4,91,12,10,7000,7
12/01/2013 12:00,0,5.9,8.4,91,12,10,9000,7
12/01/2013 13:00,0,6.5,8.2,85,11,10,9000,7
12/01/2013 14:00,0,6,8.2,88,10,10,12000,7
12/01/2013 15:00,0,5.7,8,88,10,2,16000,7
12/01/2013 16:00,0,4.8,7.4,86,11,2,16000,6
12/01/2013 17:00,0,4.9,7,81,10,2,20000,6
12/01/2013 18:00,0,4.2,6.3,77,12,2,20000,4
12/01/2013 19:00,0,3.4,6.1,78,13,2,20000,2
12/01/2013 20:00,0,3,6,79,12,2,20000,2
12/01/2013 21:00,0,2.2,5.9,82,11,2,20000,1
12/01/2013 22:00,0,1.9,5.8,83,9,2,20000,2
12/01/2013 23:00,0,3.5,6.2,80,9,2,20000,4
13/01/2013 00:00,0,1.1,5.7,87,8,2,25000,4
13/01/2013 01:00,0,0,5.5,90,7,2,25000,2
13/01/2013 02:00,0,-1.1,5.2,91,5,2,25000,2
13/01/2013 03:00,0,-1.6,5.1,93,3,2,25000,5
13/01/2013 04:00,0,-2.4,5,98,1,2,25000,5
13/01/2013 05:00,0,-2.2,5.1,98,1,2,30000,3
13/01/2013 06:00,0,-1.5,5.2,96,1,2,30000,6
13/01/2013 07:00,0,-0.7,5.4,94,5,2,30000,7
13/01/2013 08:00,0,-0.5,5.4,92,6,2,35000,7
13/01/2013 09:00,0,-0.9,5.4,94,5,2,40000,7
13/01/2013 10:00,0,0.7,5.8,90,6,2,25000,7
13/01/2013 11:00,0,1.1,5.9,89,9,2,20000,6
13/01/2013 12:00,0.1,1.8,6.4,93,9,68,7000,8
13/01/2013 13:00,0.8,2.2,6.6,93,10,60,6000,8
13/01/2013 14:00,0.1,2.4,6.9,95,9,21,6000,8
13/01/2013 15:00,0,2.6,7.1,96,12,10,5000,8
13/01/2013 16:00,0,2.5,7.2,98,13,10,3200,8
13/01/2013 17:00,0,2.4,7.3,100,12,10,2800,8
13/01/2013 18:00,0,2.6,7.4,100,13,10,4000,8
13/01/2013 19:00,0,2.9,7.5,100,12,10,3500,8
13/01/2013 20:00,0,2.9,7.5,100,9,10,3600,8
13/01/2013 21:00,0,2.6,7.4,100,8,10,3800,8
13/01/2013 22:00,0,2,7.1,100,9,10,2800,8
13/01/2013 23:00,0,2.5,7.2,98,12,10,9000,6
14/01/2013 00:00,0,2.6,7.2,98,12,2,17000,6
14/01/2013 01:00,0.1,3,7.3,96,13,50,14000,8
14/01/2013 02:00,0,3.6,7.5,95,12,20,17000,7
14/01/2013 03:00,0,4,7.7,95,11,20,20000,6
14/01/2013 04:00,0.3,4.3,7.9,95,14,58,12000,8
14/01/2013 05:00,0.8,4.7,8.1,95,15,60,14000,7
14/01/2013 06:00,0,4.6,7.9,93,12,60,17000,7
14/01/2013 07:00,0,4.6,7.9,93,10,21,20000,7
14/01/2013 08:00,0,3.9,7.5,93,13,2,25000,7
14/01/2013 09:00,0,4,7.4,92,13,1,30000,6
14/01/2013 10:00,0,4.2,7.7,93,12,2,35000,4
14/01/2013 11:00,0,4.6,7.5,89,13,2,35000,5
14/01/2013 12:00,0.1,4.4,7.7,92,15,80,20000,6
14/01/2013 13:00,0.1,5.5,7.5,83,14,25,35000,3
14/01/2013 14:00,0,5.2,6.9,78,15,25,35000,3
14/01/2013 15:00,0,3.5,6.6,85,14,1,35000,2
14/01/2013 16:00,0,4.1,6.6,80,15,2,35000,3
14/01/2013 17:00,0,2.7,6.2,84,14,2,35000,3
14/01/2013 18:00,0,1.7,6.3,91,12,1,30000,1
14/01/2013 19:00,0,1.6,6.2,91,11,2,30000,0
14/01/2013 20:00,0,1.5,6.3,92,12,2,30000,3
14/01/2013 21:00,0,1.6,6.2,91,14,25,30000,3
14/01/2013 22:00,0,0.9,6,92,11,2,30000,1
14/01/2013 23:00,0,1.3,6.2,92,12,2,30000,1
15/01/2013 00:00,0,1.1,6.1,92,11,2,30000,1
15/01/2013 01:00,0,0.9,6.1,94,11,2,30000,1
15/01/2013 02:00,0,0.6,6,94,11,2,30000,1
15/01/2013 03:00,0,0.5,5.8,92,11,2,30000,1
15/01/2013 04:00,0,0.3,5.7,92,10,2,30000,1
15/01/2013 05:00,0,0.1,5.8,94,10,2,30000,1
15/01/2013 06:00,0,-0.2,5.6,94,10,2,30000,1
15/01/2013 07:00,0,-0.1,5.7,94,12,2,30000,1
15/01/2013 08:00,0,0,5.7,94,10,2,30000,3
15/01/2013 09:00,0,-0.1,5.7,94,10,2,30000,2
15/01/2013 10:00,0,0.6,5.8,90,10,2,30000,2
15/01/2013 11:00,0,1.8,6.2,89,11,2,30000,2
15/01/2013 12:00,0,2.6,6.3,86,10,2,30000,3
15/01/2013 13:00,0,3.2,6.5,84,9,2,30000,3
15/01/2013 14:00,0,2.7,6.5,88,8,2,30000,6
15/01/2013 15:00,0,2.8,6.5,88,4,2,30000,6
15/01/2013 16:00,0,2,6.3,89,4,2,30000,6
15/01/2013 17:00,0,0.6,5.9,92,2,2,30000,6
15/01/2013 18:00,0,-0.7,5.6,96,1,2,30000,3
15/01/2013 19:00,0,-0.9,5.5,96,4,2,20000,3
15/01/2013 20:00,0,0.3,6,96,5,2,20000,3
15/01/2013 21:00,0,0.6,6.3,98,5,60,20000,8
15/01/2013 22:00,0,2.7,7.2,96,5,21,20000,7
15/01/2013 23:00,0,3.2,7,91,4,2,20000,7
16/01/2013 00:00,0,4.1,7,85,7,2,20000,7
16/01/2013 01:00,0,4.7,6.9,81,11,2,20000,7
16/01/2013 02:00,0,4.9,7,81,9,2,20000,7
16/01/2013 03:00,0,4.7,6.9,81,13,21,20000,7
16/01/2013 04:00,0,4.7,6.6,78,13,21,20000,7
16/01/2013 05:00,0,4.4,6.9,82,13,21,20000,7
16/01/2013 06:00,0,4,6.4,78,12,2,20000,7
16/01/2013 07:00,0,3.8,6.4,80,10,2,20000,7
16/01/2013 08:00,0,3.8,6.5,82,9,2,20000,7
16/01/2013 09:00,0,3.8,6.8,85,11,2,20000,7
16/01/2013 10:00,0,4,6.8,83,10,2,25000,8
16/01/2013 11:00,0.1,3.9,7.1,88,8,50,15000,8
16/01/2013 12:00,1.4,3.7,7.4,93,6,61,10000,8
16/01/2013 13:00,0.4,4.1,7.6,93,6,61,10000,8
16/01/2013 14:00,0.7,4.2,7.7,93,6,61,12000,8
16/01/2013 15:00,0.3,3.9,7.5,93,8,61,18000,8
16/01/2013 16:00,0.3,3.8,7.5,93,9,58,18000,8
16/01/2013 17:00,0.2,3.7,7.6,95,8,51,18000,8
16/01/2013 18:00,0.2,3.9,7.5,93,8,51,18000,8
16/01/2013 19:00,0.3,4,7.7,95,7,51,18000,8
16/01/2013 20:00,0,4.3,7.6,92,8,20,30000,8
16/01/2013 21:00,0,4.7,7.8,92,10,2,25000,8
16/01/2013 22:00,0,4.8,8.2,95,10,50,8000,8
16/01/2013 23:00,0.1,5,8.3,95,11,50,12000,8
17/01/2013 00:00,0,5.1,8.4,95,11,50,12000,8
17/01/2013 01:00,0,5.4,8.5,95,11,51,9000,8
17/01/2013 02:00,0.1,5.4,8.7,97,11,51,9000,8
17/01/2013 03:00,0,5.6,8.8,97,10,51,12000,8
17/01/2013 04:00,0,6,9.1,97,10,51,5000,8
17/01/2013 05:00,0,5.6,8.8,97,5,20,9000,8
17/01/2013 06:00,0,4.6,8.3,98,3,10,12000,8
17/01/2013 07:00,0,5.2,8.7,98,2,2,16000,8
17/01/2013 08:00,0,5.5,8.9,98,3,2,16000,8
17/01/2013 09:00,0,4.9,8.4,97,2,2,18000,7
17/01/2013 10:00,0,5.8,9.1,98,5,2,15000,7
17/01/2013 11:00,0,6.7,9.2,94,6,2,20000,7
17/01/2013 12:00,0,7.2,9.7,96,9,60,11000,8
17/01/2013 13:00,0,7,9.6,96,16,50,9000,8
17/01/2013 14:00,0,6.6,9.4,97,18,20,10000,7
17/01/2013 15:00,0,6.6,9.3,95,16,2,9000,7
17/01/2013 16:00,0,5.9,9,97,20,50,8000,8
17/01/2013 17:00,0,6.2,9,95,21,51,9000,8
17/01/2013 18:00,0,6.5,9.1,94,20,51,10000,8
17/01/2013 19:00,0,6.3,9.3,97,21,51,8000,8
17/01/2013 20:00,0.2,6.4,9.2,95,22,51,8000,8
17/01/2013 21:00,0,6,8.9,95,24,51,10000,8
17/01/2013 22:00,0.1,5.7,8.4,92,22,51,6000,8
17/01/2013 23:00,0.1,5.1,8.1,92,23,51,8000,8
18/01/2013 00:00,0.6,5.1,7.8,89,26,60,9000,8
18/01/2013 01:00,0.4,4.6,7.5,89,25,61,14000,8
18/01/2013 02:00,0.3,4.1,7.4,90,25,61,10000,8
18/01/2013 03:00,0.6,3.8,7.2,90,27,61,9000,8
18/01/2013 04:00,0.7,3.3,7.2,93,27,61,9000,8
18/01/2013 05:00,0.8,2.8,6.9,93,27,61,9000,8
18/01/2013 06:00,1.8,2.4,6.9,95,25,61,8000,8
18/01/2013 07:00,1,2.5,6.9,95,25,61,8000,8
18/01/2013 08:00,2.3,2,6.8,96,24,61,8000,8
18/01/2013 09:00,2.7,2,6.7,94,27,63,4500,8
18/01/2013 10:00,1.1,2.1,6.7,95,26,61,8000,8
18/01/2013 11:00,1.3,2.2,6.8,95,26,61,9000,8
18/01/2013 12:00,0.9,2.1,6.8,96,26,61,7000,8
18/01/2013 13:00,1.7,1.8,6.7,96,26,68,4500,8
18/01/2013 14:00,1.2,2.3,6.8,95,25,68,7000,8
18/01/2013 15:00,1.3,1.8,6.7,96,25,61,5000,8
18/01/2013 16:00,2.3,1.7,6.6,96,24,68,4500,8
18/01/2013 17:00,1.5,1.7,6.6,96,23,68,5000,8
18/01/2013 18:00,1,2.2,6.9,96,22,61,6000,8
18/01/2013 19:00,0.9,2.5,7,96,19,61,6000,8
18/01/2013 20:00,0.7,3,7.2,95,19,58,7000,8
18/01/2013 21:00,2.5,3.4,7.5,97,17,59,6000,8
18/01/2013 22:00,1,3.7,7.7,97,17,61,7000,8
18/01/2013 23:00,0.9,3.6,7.6,97,17,61,9000,8
19/01/2013 00:00,0.5,3.6,7.6,97,17,61,9000,8
19/01/2013 01:00,0.1,3.6,7.4,93,16,61,11000,8
19/01/2013 02:00,0.1,3.4,7.4,95,16,61,9000,8
19/01/2013 03:00,0.2,3,7.3,96,16,61,8000,8
19/01/2013 04:00,0.2,2.9,7.1,95,15,58,8000,8
19/01/2013 05:00,0,2.5,6.8,93,16,58,8000,8
19/01/2013 06:00,0.6,1.9,6.7,96,15,61,8000,8
19/01/2013 07:00,0.4,1.6,6.5,94,14,68,8000,8
19/01/2013 08:00,0.8,1.7,6.5,94,10,68,9000,8
19/01/2013 09:00,0.7,1.8,6.6,94,9,68,5000,8
19/01/2013 10:00,0.2,1.8,6.6,94,8,61,6000,8
19/01/2013 11:00,0.2,1.6,6.5,94,9,68,6000,8
19/01/2013 12:00,0.1,1.7,6.4,93,9,58,6000,8
19/01/2013 13:00,0.1,1.6,6.5,94,6,50,7000,8
19/01/2013 14:00,0,1.7,6.3,91,5,58,17000,8
19/01/2013 15:00,0,2.1,6.2,87,4,21,16000,7
19/01/2013 16:00,0,1.8,6.1,87,6,20,17000,7
19/01/2013 17:00,0,1.9,5.8,83,7,58,20000,7
19/01/2013 18:00,0,1.4,6.2,92,7,58,20000,7
19/01/2013 19:00,0,1.7,6.3,91,5,58,20000,8
19/01/2013 20:00,0,1.9,6.1,87,7,58,20000,8
19/01/2013 21:00,0,2,5.8,82,8,21,20000,8
19/01/2013 22:00,0,1.9,5.6,80,9,21,20000,8
19/01/2013 23:00,0,1.7,5.5,80,10,26,20000,7
20/01/2013 00:00,0,1.9,5.6,80,11,2,20000,7
20/01/2013 01:00,0,2.1,5.2,73,11,2,20000,7
20/01/2013 02:00,0,2.2,5.5,77,10,2,20000,7
20/01/2013 03:00,0,2.2,5.4,75,12,26,20000,7
20/01/2013 04:00,0,2,5,71,12,2,20000,7
20/01/2013 05:00,0,1.8,5.2,74,12,2,20000,7
20/01/2013 06:00,0,1.8,5.2,74,11,2,20000,7
20/01/2013 07:00,0,2,5.3,75,9,83,20000,7
20/01/2013 08:00,0,1.7,5.2,76,10,85,25000,7
20/01/2013 09:00,0,1.8,5.4,78,10,87,20000,7
20/01/2013 10:00,0,2.3,5.5,77,12,27,20000,7
20/01/2013 11:00,0,2.5,5,68,14,85,25000,8
20/01/2013 12:00,0,2.2,5,70,14,26,20000,8
20/01/2013 13:00,0,1.8,5.3,76,12,85,25000,8
20/01/2013 14:00,0,2.4,5.2,72,10,26,20000,7
20/01/2013 15:00,0,2.1,5.6,78,10,15,20000,7
20/01/2013 16:00,0.1,2.2,5.5,77,9,25,25000,7
20/01/2013 17:00,0,1.9,5.3,76,13,15,25000,3
20/01/2013 18:00,0,2.1,5.7,80,11,85,25000,7
20/01/2013 19:00,0,2.3,5.4,75,11,2,25000,8
20/01/2013 20:00,0,2.4,5.6,77,12,26,25000,8
20/01/2013 21:00,0,2.3,5.7,78,12,85,20000,8
20/01/2013 22:00,0,2,5.3,75,14,26,25000,7
20/01/2013 23:00,0,2,5.4,76,13,2,25000,7
21/01/2013 00:00,0,2.4,5.4,75,12,3,25000,8
21/01/2013 01:00,0,2.4,5.4,75,11,2,25000,8
21/01/2013 02:00,0,2.3,5.4,75,10,2,25000,8
21/01/2013 03:00,0,2,5.8,82,6,85,20000,8
21/01/2013 04:00,0,2.1,6.1,85,8,83,20000,8
21/01/2013 05:00,0.2,1,6.2,94,9,83,8000,8
21/01/2013 06:00,0.8,0.6,6.1,96,5,83,15000,8
21/01/2013 07:00,1,0.3,6.1,98,4,80,20000,8
21/01/2013 08:00,1.9,0.6,6.3,98,5,83,1500,8
21/01/2013 09:00,2.7,0.6,6.3,98,7,83,12000,8
21/01/2013 10:00,0.3,0.9,6.1,94,4,26,16000,8
21/01/2013 11:00,0,0.8,6.3,98,6,83,12000,8
21/01/2013 12:00,0.9,1.3,6.5,96,7,83,9000,7
21/01/2013 13:00,0.1,1.5,6.7,98,4,26,10000,7
21/01/2013 14:00,0.4,1,6.4,98,6,83,8000,7
21/01/2013 15:00,0,1.5,6.7,98,5,26,16000,7
21/01/2013 16:00,0,1.3,6.5,96,5,2,20000,6
21/01/2013 17:00,0,0.8,6.3,98,4,2,25000,7
21/01/2013 18:00,0,0.8,6.3,98,4,2,20000,7
21/01/2013 19:00,0,0.9,6.3,96,5,2,20000,7
21/01/2013 20:00,0,0.7,6.2,96,6,2,20000,7
21/01/2013 21:00,0,-0.6,5.6,96,5,2,20000,4
21/01/2013 22:00,0,-0.1,5.8,96,4,2,20000,3
21/01/2013 23:00,0,-1.2,5.4,96,4,2,20000,7
22/01/2013 00:00,0,-1.9,5.2,98,2,2,20000,7
22/01/2013 01:00,0,-1.6,5.3,98,1,2,20000,7
22/01/2013 02:00,0,-2.2,5.1,98,1,2,20000,2
22/01/2013 03:00,0,-2.3,5,98,5,2,20000,1
22/01/2013 04:00,0,-2.2,5.1,98,2,2,25000,6
22/01/2013 05:00,0,-4,4.5,100,1,2,25000,1
22/01/2013 06:00,0,-4.6,4.3,100,2,2,25000,0
22/01/2013 07:00,0,-4.9,4.2,100,3,2,25000,1
22/01/2013 08:00,0,-4.7,4.3,100,2,2,20000,2
22/01/2013 09:00,0,-4,4.5,100,4,10,5000,3
22/01/2013 10:00,0,-1.9,5.3,100,4,10,5000,7
22/01/2013 11:00,0,-1.2,5.5,98,5,26,9000,7
22/01/2013 12:00,0,-0.3,5.9,98,3,10,6000,7
22/01/2013 13:00,0,0.5,6.1,96,2,26,8000,7
22/01/2013 14:00,0,1.2,6.3,94,4,10,8000,7
22/01/2013 15:00,0,1.7,6.5,94,4,10,7000,7
22/01/2013 16:00,0,1.3,6.3,94,4,26,7000,7
22/01/2013 17:00,0,0.8,6.2,96,4,10,6000,7
22/01/2013 18:00,0,0.4,6.2,98,3,10,8000,7
22/01/2013 19:00,0,-0.4,5.8,98,3,10,8000,7
22/01/2013 20:00,0,0.3,6.1,98,3,10,8000,7
22/01/2013 21:00,0,0.2,6.1,98,1,2,15000,7
22/01/2013 22:00,0,-0.8,5.6,98,3,2,15000,6
22/01/2013 23:00,0,0.2,5.9,96,4,2,15000,6
23/01/2013 00:00,0,1,6.2,94,5,2,15000,7
23/01/2013 01:00,0,0.8,6.2,96,7,2,18000,7
23/01/2013 02:00,0,1.4,6.2,92,5,2,18000,7
23/01/2013 03:00,0,-0.4,5.7,96,3,2,18000,6
23/01/2013 04:00,0,-0.5,5.8,98,1,2,18000,7
23/01/2013 05:00,0,1.9,6.5,93,5,2,18000,2
23/01/2013 06:00,0,1.4,6,89,6,2,18000,7
23/01/2013 07:00,0,1.4,6.1,91,4,2,20000,7
23/01/2013 08:00,0,1.8,6.1,87,4,21,20000,8
23/01/2013 09:00,0,2.2,6.1,86,4,21,20000,8
23/01/2013 10:00,0,2.8,6.2,82,9,21,17000,8
23/01/2013 11:00,0,3.3,6.1,79,11,21,17000,7
23/01/2013 12:00,0,3.7,6.4,80,13,2,20000,7
23/01/2013 13:00,0,3.6,5.9,75,12,2,20000,7
23/01/2013 14:00,0,3.4,5.9,76,11,2,30000,7
23/01/2013 15:00,0,3.1,6.2,81,8,2,30000,7
23/01/2013 16:00,0,2.9,6.3,84,7,25,20000,7
23/01/2013 17:00,0,2.1,6.1,85,7,2,20000,7
23/01/2013 18:00,0,2.3,6.2,86,5,2,20000,7
23/01/2013 19:00,0,2.1,6.1,85,5,87,20000,7
23/01/2013 20:00,0,2.7,6,81,7,27,20000,7
23/01/2013 21:00,0,2.3,5.9,82,7,2,20000,7
23/01/2013 22:00,0,2,5.9,84,6,2,20000,7
23/01/2013 23:00,0,2.3,6,84,6,2,20000,7
24/01/2013 00:00,0,2,6,85,8,2,20000,7
24/01/2013 01:00,0,2.6,6.1,82,9,2,20000,7
24/01/2013 02:00,0,2,6,85,4,2,20000,7
24/01/2013 03:00,0,1.8,6.2,89,1,2,20000,7
24/01/2013 04:00,0,1.4,6.2,92,3,2,20000,7
24/01/2013 05:00,0,1.9,6.5,93,1,2,20000,7
24/01/2013 06:00,0,1.4,6.2,92,2,2,25000,7
24/01/2013 07:00,0,2.1,6.5,91,3,2,25000,7
24/01/2013 08:00,0,2.4,6.5,89,3,2,20000,8
24/01/2013 09:00,0,2.5,6.5,89,3,10,7000,8
24/01/2013 10:00,0,3.4,6.6,85,5,10,8000,8
24/01/2013 11:00,0,3.9,6.6,82,6,10,12000,8
24/01/2013 12:00,0,4,6.8,83,7,20,20000,8
24/01/2013 13:00,0,4,6.9,85,6,58,14000,8
24/01/2013 14:00,0,4.8,7.1,82,7,21,9000,7
24/01/2013 15:00,0,4.7,6.6,78,7,2,20000,7
24/01/2013 16:00,0,4.3,6.8,82,7,10,8000,7
24/01/2013 17:00,0,4,6.9,85,6,10,6000,7
24/01/2013 18:00,0,4.6,7,82,7,10,9000,7
24/01/2013 19:00,0,4.4,7,84,11,10,12000,7
24/01/2013 20:00,0,4.5,6.9,82,9,10,14000,7
24/01/2013 21:00,0,4.7,7.2,84,11,10,9000,8
24/01/2013 22:00,0,4.6,7.4,87,11,10,9000,8
24/01/2013 23:00,0,4.6,7.5,89,12,2,16000,8
25/01/2013 00:00,0,4.9,7.4,86,10,2,20000,8
25/01/2013 01:00,0,5.1,7.5,86,12,2,20000,8
25/01/2013 02:00,0,5.1,7.7,87,12,2,20000,8
25/01/2013 03:00,0,5.3,7.6,86,12,2,20000,8
25/01/2013 04:00,0,5.2,7.7,87,11,2,20000,8
25/01/2013 05:00,0.3,5,8,92,13,60,14000,8
25/01/2013 06:00,1.6,4.7,8.3,97,12,61,14000,8
25/01/2013 07:00,1.4,4.8,8.2,95,10,61,18000,8
25/01/2013 08:00,0.2,5.5,7.9,87,8,61,25000,8
25/01/2013 09:00,0,6.4,7.9,82,12,60,25000,8
25/01/2013 10:00,0,6.7,8.1,82,12,21,22000,7
25/01/2013 11:00,0,6.8,8.4,85,13,21,25000,7
25/01/2013 12:00,0.3,6.8,8.6,87,16,60,25000,7
25/01/2013 13:00,0.6,7.6,8.6,83,15,21,18000,7
25/01/2013 14:00,0.5,7.7,8.9,84,16,60,12000,7
25/01/2013 15:00,1.1,8,8.9,83,16,60,14000,7
25/01/2013 16:00,0.4,8,9.2,86,13,60,12000,7
25/01/2013 17:00,3.9,7.6,9.7,93,12,61,6000,8
25/01/2013 18:00,3.6,7.5,9.8,94,9,61,7000,8
25/01/2013 19:00,3.1,7.8,10.1,96,4,61,7000,8
25/01/2013 20:00,2.5,7.5,9.6,93,11,61,7000,8
25/01/2013 21:00,0.9,7.1,9.2,91,15,21,20000,7
25/01/2013 22:00,0,6.7,8.2,84,18,2,20000,7
25/01/2013 23:00,0,5.7,7.3,80,20,2,20000,7
26/01/2013 00:00,0,4.9,7,81,18,1,20000,3
26/01/2013 01:00,0,4.3,6.8,82,17,2,25000,1
26/01/2013 02:00,0,3.7,6.6,83,14,2,25000,1
26/01/2013 03:00,0,2.8,6.5,88,13,2,25000,1
26/01/2013 04:00,0,2.3,6.4,89,12,2,25000,1
26/01/2013 05:00,0,2.6,6.3,86,12,2,25000,1
26/01/2013 06:00,0,3.2,6.6,86,12,2,25000,1
26/01/2013 07:00,0,3.2,6.6,86,10,2,25000,1
26/01/2013 08:00,0,2.9,6.7,89,9,2,30000,3
26/01/2013 09:00,0,3.5,7,90,9,2,30000,3
26/01/2013 10:00,0,4.6,7.5,89,9,2,30000,3
26/01/2013 11:00,0,5.7,8,88,8,2,30000,6
26/01/2013 12:00,0,7.4,8.7,84,10,2,30000,7
26/01/2013 13:00,0,8.3,8.7,79,13,21,20000,8
26/01/2013 14:00,0.1,8.2,8.8,81,14,60,20000,8
26/01/2013 15:00,0,8.9,8.8,77,13,60,20000,8
26/01/2013 16:00,0.2,9.1,9.7,84,15,60,20000,8
26/01/2013 17:00,0.9,8.7,10.2,90,15,60,12000,8
26/01/2013 18:00,0.3,9.8,10.7,88,15,21,25000,8
26/01/2013 19:00,0,11,11.1,85,15,21,25000,8
26/01/2013 20:00,0,11.5,11.6,85,16,2,25000,8
26/01/2013 21:00,0,11.8,11.5,83,20,2,25000,8
26/01/2013 22:00,0,12,11.3,81,18,21,25000,8
26/01/2013 23:00,0,11.4,11.6,86,18,58,14000,8
27/01/2013 00:00,0.5,11.6,12,88,20,58,14000,7
27/01/2013 01:00,0.8,9.5,10.4,88,21,60,25000,7
27/01/2013 02:00,0.1,8.6,9.6,86,17,80,6000,7
27/01/2013 03:00,0,8.2,9.7,89,15,25,25000,7
27/01/2013 04:00,0,7.5,8.7,84,12,2,25000,6
27/01/2013 05:00,0,7,8.1,81,19,80,25000,7
27/01/2013 06:00,1.2,4,6.8,83,26,25,25000,6
27/01/2013 07:00,0,3.6,6.4,81,22,2,25000,3
27/01/2013 08:00,0,3.8,6.5,82,17,2,30000,3
27/01/2013 09:00,0.1,3.8,6.3,78,19,25,30000,3
27/01/2013 10:00,0,3.5,6.5,83,22,80,30000,6
27/01/2013 11:00,0,4,6.5,80,23,25,30000,3
27/01/2013 12:00,0,5,6.5,75,26,25,30000,2
27/01/2013 13:00,0,6.4,6.6,69,29,2,35000,3
27/01/2013 14:00,0.2,3.1,6.7,88,32,80,17000,7
27/01/2013 15:00,0,3.6,6.6,83,26,80,35000,7
27/01/2013 16:00,0,3.7,6.7,85,23,25,35000,4
27/01/2013 17:00,0.2,2.9,6.7,89,21,25,10000,6
27/01/2013 18:00,0.3,2.6,6.7,91,16,80,9000,6
27/01/2013 19:00,0.8,2.6,6.6,89,13,25,14000,3
27/01/2013 20:00,0.1,2.5,6.4,87,15,25,20000,5
27/01/2013 21:00,0,2.9,6.3,84,16,1,20000,3
27/01/2013 22:00,0,2.8,6.2,82,18,2,20000,3
27/01/2013 23:00,0,2.4,6.3,87,22,2,20000,2
28/01/2013 00:00,0,2.7,6.2,84,22,2,20000,2
28/01/2013 01:00,0,2.9,6.2,83,21,2,20000,2
28/01/2013 02:00,0,2.6,6.1,82,20,2,20000,2
28/01/2013 03:00,0,3,6.3,83,19,2,20000,2
28/01/2013 04:00,0,3.3,6.1,79,18,2,20000,2
28/01/2013 05:00,0,2.9,6.1,81,17,2,20000,2
28/01/2013 06:00,0,3.1,6,79,12,2,20000,3
28/01/2013 07:00,0,4.1,6.2,75,13,2,20000,5
28/01/2013 08:00,0,4.7,6.5,76,13,2,30000,7
28/01/2013 09:00,0,5.9,7.3,79,14,60,20000,8
28/01/2013 10:00,0.4,5.6,7.5,83,15,61,17000,8
28/01/2013 11:00,0,7.4,7.9,77,14,60,20000,8
28/01/2013 12:00,0,9,8.6,75,20,21,22000,7
28/01/2013 13:00,0.1,10.8,9.3,71,28,21,20000,7
28/01/2013 14:00,0,10.6,8.5,66,29,25,20000,6
28/01/2013 15:00,0,10.4,9,71,25,80,20000,6
28/01/2013 16:00,0,10.4,8.3,66,27,80,18000,7
28/01/2013 17:00,0,9.2,8.4,72,25,80,18000,7
28/01/2013 18:00,0.1,9.6,8.5,71,27,80,18000,7
28/01/2013 19:00,0,8.8,8.1,72,27,80,15000,7
28/01/2013 20:00,0.1,9,8.1,71,24,25,20000,7
28/01/2013 21:00,0,9.4,7.8,66,26,2,20000,7
28/01/2013 22:00,0,9.3,8.2,70,25,2,20000,6
28/01/2013 23:00,0,9.3,8.3,71,26,2,20000,6
29/01/2013 00:00,0,8.8,8.6,76,27,2,20000,6
29/01/2013 01:00,0,8.3,8.7,79,25,2,20000,6
29/01/2013 02:00,0,7.9,8.6,80,24,2,20000,4
29/01/2013 03:00,0,7.6,8.5,82,22,2,20000,4
29/01/2013 04:00,0,7.3,8,78,11,2,20000,4
29/01/2013 05:00,0,6.4,7.9,82,9,2,20000,5
29/01/2013 06:00,0,6.6,7.9,81,8,2,25000,7
29/01/2013 07:00,0,6.9,7.9,80,7,2,25000,7
29/01/2013 08:00,0,7.3,8,78,10,2,22000,8
29/01/2013 09:00,0,7.6,9.1,87,15,60,15000,8
29/01/2013 10:00,0.2,8.3,10,92,13,60,15000,8
29/01/2013 11:00,0,10,11.3,92,10,21,20000,8
29/01/2013 12:00,0,13.5,12.5,81,15,2,20000,8
29/01/2013 13:00,0,13.6,12.6,81,25,2,25000,7
29/01/2013 14:00,0,13.5,12.6,82,29,15,18000,7
29/01/2013 15:00,0,13.6,12.7,82,28,15,15000,7
29/01/2013 16:00,1.7,8.8,9.6,85,33,61,12000,8
29/01/2013 17:00,0.6,9.1,9.5,83,24,21,20000,7
29/01/2013 18:00,0,9.1,9.2,80,23,2,20000,6
29/01/2013 19:00,0,9,9,79,21,2,30000,6
29/01/2013 20:00,0,8.5,8.7,78,19,2,30000,4
29/01/2013 21:00,0,7.9,8.4,79,18,2,30000,6
29/01/2013 22:00,0,7.6,8.1,77,17,2,30000,6
29/01/2013 23:00,0,7.5,8.1,79,17,2,30000,6
30/01/2013 00:00,0,7.2,8.5,84,16,2,30000,5
30/01/2013 01:00,0,7.9,8.8,83,15,80,20000,7
30/01/2013 02:00,0.1,7.9,8.6,80,17,25,30000,7
30/01/2013 03:00,0,7.4,8.1,79,19,25,30000,7
30/01/2013 04:00,0,6.7,7.8,79,17,2,30000,7
30/01/2013 05:00,0.1,6.1,7.7,82,19,25,30000,7
30/01/2013 06:00,0,6.2,7.8,82,18,2,30000,5
30/01/2013 07:00,0,6.2,7.8,82,16,2,30000,5
30/01/2013 08:00,0,6.7,7.5,76,20,80,20000,6
30/01/2013 09:00,1.1,6.6,7.4,76,23,25,25000,3
30/01/2013 10:00,0.4,6.4,7.2,75,23,80,20000,6
30/01/2013 11:00,0.6,5.6,7.7,84,30,80,7000,6
30/01/2013 12:00,0.7,5.8,7.8,85,30,80,15000,7
30/01/2013 13:00,0.3,6.6,8.1,84,28,80,17000,7
30/01/2013 14:00,0.5,7.1,8.2,81,28,80,18000,7
30/01/2013 15:00,0,7.2,8.2,81,23,25,35000,2
30/01/2013 16:00,0,7.2,7.8,77,21,2,40000,2
30/01/2013 17:00,0,6.9,7.6,77,19,2,40000,2
30/01/2013 18:00,0,6.5,7.5,78,17,2,40000,2
30/01/2013 19:00,0,6.1,7.1,76,16,2,40000,6
30/01/2013 20:00,0,5.9,7,76,18,2,35000,7
30/01/2013 21:00,0,6,6.7,71,17,2,35000,7
30/01/2013 22:00,0,5.8,6.7,73,10,2,30000,7
30/01/2013 23:00,0,7.6,8.1,77,11,2,30000,7
31/01/2013 00:00,0,8.8,8,71,16,2,30000,7
31/01/2013 01:00,1.2,8.1,9.1,85,21,81,7000,8
31/01/2013 02:00,1.3,7.9,8.1,76,25,25,30000,4
31/01/2013 03:00,0,7.5,7.6,73,20,2,30000,6
31/01/2013 04:00,0,7.5,7,68,22,80,20000,6
31/01/2013 05:00,0.1,6.5,7.1,73,24,25,30000,3
31/01/2013 06:00,0.2,6.2,6.8,72,23,25,30000,6
31/01/2013 07:00,0,6,6.8,73,20,25,25000,6
31/01/2013 08:00,0,4.7,6.9,81,24,25,25000,4
31/01/2013 09:00,0,5.9,7,76,18,1,30000,1
31/01/2013 10:00,0,6.2,7.2,76,22,2,35000,2
31/01/2013 11:00,0,7.7,7.6,72,22,25,30000,5
31/01/2013 12:00,0,8,7.6,71,23,25,25000,2
31/01/2013 13:00,0,8.2,7.7,71,24,25,40000,6
31/01/2013 14:00,0.1,7.2,8,78,24,80,14000,7
31/01/2013 15:00,2.2,7.1,7.5,74,24,80,13000,6
31/01/2013 16:00,0.1,7,7,70,21,80,22000,7
31/01/2013 17:00,0.7,4.5,7.5,89,18,80,25000,7
31/01/2013 18:00,0,6.4,7,73,15,25,30000,7
31/01/2013 19:00,0,5.8,7.1,77,16,25,30000,7
31/01/2013 20:00,0,5.5,6.8,75,18,2,30000,7
31/01/2013 21:00,0,5.6,7.3,80,17,2,25000,7
31/01/2013 22:00,0,5.5,6.9,77,18,25,25000,3
31/01/2013 23:00,0,5.5,7.3,81,18,2,25000,3