Time,Rain,Temperature,Wind_Speed
01/11/2012 00:00,0,2.4,6
01/11/2012 01:00,0,1.7,7
01/11/2012 02:00,0,1.1,7
01/11/2012 03:00,0,0.7,7
01/11/2012 04:00,0,0.6,8
01/11/2012 05:00,0,0.5,8
01/11/2012 06:00,0,0.2,9
01/11/2012 07:00,0,0.2,11
01/11/2012 08:00,0,0.4,12
01/11/2012 09:00,0,1,17
01/11/2012 10:00,0,2.4,15
01/11/2012 11:00,0,3.5,14
01/11/2012 12:00,0,5.4,14
01/11/2012 13:00,0,6.2,15
01/11/2012 14:00,0,6.8,18
01/11/2012 15:00,0,6.1,18
01/11/2012 16:00,0.1,5.1,16
01/11/2012 17:00,0.7,4.6,17
01/11/2012 18:00,0.2,4.7,17
01/11/2012 19:00,0,4.4,18
01/11/2012 20:00,0,4.4,19
01/11/2012 21:00,0,4.5,21
01/11/2012 22:00,0,5,18
01/11/2012 23:00,0,4.7,20
02/11/2012 00:00,0,4.9,21
02/11/2012 01:00,0,5.1,18
02/11/2012 02:00,0,4.6,13
02/11/2012 03:00,0,4.5,16
02/11/2012 04:00,0,4.2,16
02/11/2012 05:00,0,3.4,15
02/11/2012 06:00,0,3.3,16
02/11/2012 07:00,0,3.4,17
02/11/2012 08:00,0,3.4,18
02/11/2012 09:00,0,4.4,19
02/11/2012 10:00,0,6.1,21
02/11/2012 11:00,0,7.4,21
02/11/2012 12:00,0,7.6,23
02/11/2012 13:00,0,7.3,24
02/11/2012 14:00,0,8.1,24
02/11/2012 15:00,0,6.9,21
02/11/2012 16:00,0,5.4,17
02/11/2012 17:00,0,4.8,13
02/11/2012 18:00,0,3.9,10
02/11/2012 19:00,0,3.8,9
02/11/2012 20:00,0,3.4,7
02/11/2012 21:00,0,3.8,11
02/11/2012 22:00,0,3.5,9
02/11/2012 23:00,0,3.2,8
03/11/2012 00:00,0,2.8,6
03/11/2012 01:00,0,3,9
03/11/2012 02:00,0,2.8,8
03/11/2012 03:00,0,1.8,8
03/11/2012 04:00,0,1.4,7
03/11/2012 05:00,0,2.1,7
03/11/2012 06:00,0,1.8,10
03/11/2012 07:00,0,2,10
03/11/2012 08:00,0,2.2,11
03/11/2012 09:00,0,3.7,11
03/11/2012 10:00,0,4.7,15
03/11/2012 11:00,0,5.6,18
03/11/2012 12:00,0,6.7,14
03/11/2012 13:00,0,7.2,14
03/11/2012 14:00,0,7.3,16
03/11/2012 15:00,0,7.1,14
03/11/2012 16:00,0,6.5,14
03/11/2012 17:00,0,5.1,13
03/11/2012 18:00,0,4.9,12
03/11/2012 19:00,0,4.1,13
03/11/2012 20:00,0,4,11
03/11/2012 21:00,0,4.9,10
03/11/2012 22:00,0,5.5,11
03/11/2012 23:00,0,5.3,10
04/11/2012 00:00,0,6.4,11
04/11/2012 01:00,0,6.9,12
04/11/2012 02:00,0,6.5,11
04/11/2012 03:00,0,6.5,9
04/11/2012 04:00,0,7.1,7
04/11/2012 05:00,0,6.6,10
04/11/2012 06:00,0,6.6,9
04/11/2012 07:00,0,6.6,13
04/11/2012 08:00,0.9,5.6,10
04/11/2012 09:00,0.5,5.5,7
04/11/2012 10:00,1.3,5.4,13
04/11/2012 11:00,0.3,6.2,13
04/11/2012 12:00,1.3,6.1,10
04/11/2012 13:00,0.2,6.9,10
04/11/2012 14:00,0,7.7,13
04/11/2012 15:00,0,7.5,8
04/11/2012 16:00,0.3,6.1,11
04/11/2012 17:00,0.5,7,9
04/11/2012 18:00,0,7,10
04/11/2012 19:00,0,6.6,11
04/11/2012 20:00,0,7.2,15
04/11/2012 21:00,0,7.4,14
04/11/2012 22:00,0,7.5,15
04/11/2012 23:00,0,6.9,13
05/11/2012 00:00,0,6.5,12
05/11/2012 01:00,0,6,11
05/11/2012 02:00,0,4.3,9
05/11/2012 03:00,0,4.6,6
05/11/2012 04:00,0,4.2,7
05/11/2012 05:00,0,3.2,8
05/11/2012 06:00,0,1,8
05/11/2012 07:00,0,0.7,9
05/11/2012 08:00,0,1.3,9
05/11/2012 09:00,0,2.8,10
05/11/2012 10:00,0,5,9
05/11/2012 11:00,0,6.2,8
05/11/2012 12:00,0,7.7,10
05/11/2012 13:00,0,8.6,11
05/11/2012 14:00,0,8.1,11
05/11/2012 15:00,0,9.2,11
05/11/2012 16:00,0,7.8,10
05/11/2012 17:00,0,5.5,9
05/11/2012 18:00,0,4.6,9
05/11/2012 19:00,0,4.4,9
05/11/2012 20:00,0,3.8,10
05/11/2012 21:00,0,3.3,9
05/11/2012 22:00,0,3.5,10
05/11/2012 23:00,0,3.1,10
06/11/2012 00:00,0,2.5,10
06/11/2012 01:00,0,2.6,10
06/11/2012 02:00,0,3.2,10
06/11/2012 03:00,0,4,13
06/11/2012 04:00,0,4.8,12
06/11/2012 05:00,0,5.3,12
06/11/2012 06:00,0,5.6,13
06/11/2012 07:00,0,6.3,16
06/11/2012 08:00,0,7,17
06/11/2012 09:00,0,7.6,16
06/11/2012 10:00,0,8.4,18
06/11/2012 11:00,0,9.6,19
06/11/2012 12:00,0,10.6,19
06/11/2012 13:00,0,10.6,19
06/11/2012 14:00,0,11,20
06/11/2012 15:00,0,10.1,19
06/11/2012 16:00,0,9.4,18
06/11/2012 17:00,0,8.6,15
06/11/2012 18:00,0,8.6,15
06/11/2012 19:00,0,8,18
06/11/2012 20:00,0,7.2,17
06/11/2012 21:00,0,8,14
06/11/2012 22:00,0,8,18
06/11/2012 23:00,0,7.9,17
07/11/2012 00:00,0,7.8,17
07/11/2012 01:00,0,7.9,16
07/11/2012 02:00,0,8.2,17
07/11/2012 03:00,0,8.4,17
07/11/2012 04:00,0,8.6,15
07/11/2012 05:00,0,8.7,16
07/11/2012 06:00,0,8.7,14
07/11/2012 07:00,0,8.7,15
07/11/2012 08:00,0,8.8,15
07/11/2012 09:00,0,9.1,16
07/11/2012 10:00,0,9.3,17
07/11/2012 11:00,0,10.1,15
07/11/2012 12:00,0,10.4,18
07/11/2012 13:00,0,10.4,20
07/11/2012 14:00,0,10.2,17
07/11/2012 15:00,0,10.6,15
07/11/2012 16:00,0,10.7,17
07/11/2012 17:00,0,10.2,18
07/11/2012 18:00,0,10.2,17
07/11/2012 19:00,0,10.1,17
07/11/2012 20:00,0,9.1,16
07/11/2012 21:00,0,8.8,18
07/11/2012 22:00,0,8.5,16
07/11/2012 23:00,0,8.7,17
08/11/2012 00:00,0,8.6,15
08/11/2012 01:00,0,8.7,15
08/11/2012 02:00,0,8.4,17
08/11/2012 03:00,0,7.9,15
08/11/2012 04:00,0,7.6,16
08/11/2012 05:00,0,7.7,17
08/11/2012 06:00,0,7.4,15
08/11/2012 07:00,0,6.9,13
08/11/2012 08:00,0,6.8,10
08/11/2012 09:00,0,7.4,12
08/11/2012 10:00,0,8.4,13
08/11/2012 11:00,0,8.9,13
08/11/2012 12:00,0,9,12
08/11/2012 13:00,0,10.4,12
08/11/2012 14:00,0,10.2,13
08/11/2012 15:00,0,9.8,11
08/11/2012 16:00,0,9.8,10
08/11/2012 17:00,0,8.9,11
08/11/2012 18:00,0,9.1,9
08/11/2012 19:00,0,8.5,9
08/11/2012 20:00,0,8.2,9
08/11/2012 21:00,0,8,9
08/11/2012 22:00,0,8,9
08/11/2012 23:00,0,7.9,13
09/11/2012 00:00,0,8,14
09/11/2012 01:00,0,7.8,15
09/11/2012 02:00,0,8.5,14
09/11/2012 03:00,0,8.5,16
09/11/2012 04:00,0.1,8.4,16
09/11/2012 05:00,0.8,8.1,15
09/11/2012 06:00,1.6,8.2,15
09/11/2012 07:00,1.2,8.5,15
09/11/2012 08:00,0.4,8.8,14
09/11/2012 09:00,0.5,9.2,15
09/11/2012 10:00,0.1,9.5,14
09/11/2012 11:00,0.7,8,14
09/11/2012 12:00,0.1,8.3,12
09/11/2012 13:00,0,8.6,9
09/11/2012 14:00,0,8.9,11
09/11/2012 15:00,0,8.5,12
09/11/2012 16:00,0,8.4,13
09/11/2012 17:00,0,7.9,12
09/11/2012 18:00,0,7.1,12
09/11/2012 19:00,0,7,9
09/11/2012 20:00,0,6.6,11
09/11/2012 21:00,0,5.8,9
09/11/2012 22:00,0,6.3,9
09/11/2012 23:00,0,5.9,10
10/11/2012 00:00,0,5.5,12
10/11/2012 01:00,0,5.1,9
10/11/2012 02:00,0,4.5,10
10/11/2012 03:00,0,4.5,10
10/11/2012 04:00,0,4.2,10
10/11/2012 05:00,0,3.9,9
10/11/2012 06:00,0,4,9
10/11/2012 07:00,0,4.2,8
10/11/2012 08:00,0,3.8,7
10/11/2012 09:00,0,5.6,10
10/11/2012 10:00,0,5.6,12
10/11/2012 11:00,0,6.1,13
10/11/2012 12:00,0,6.5,14
10/11/2012 13:00,0,7.4,15
10/11/2012 14:00,0,7.5,14
10/11/2012 15:00,0,7.8,12
10/11/2012 16:00,0,6.2,12
10/11/2012 17:00,0,4.8,7
10/11/2012 18:00,0,4.3,7
10/11/2012 19:00,0,3.9,9
10/11/2012 20:00,0,3.7,10
10/11/2012 21:00,0,3.3,10
10/11/2012 22:00,0,2.7,10
10/11/2012 23:00,0,2.2,10
11/11/2012 00:00,0,2.1,10
11/11/2012 01:00,0,2.1,9
11/11/2012 02:00,0,1.6,11
11/11/2012 03:00,0,1.9,10
11/11/2012 04:00,0,1.9,11
11/11/2012 05:00,0,1.7,9
11/11/2012 06:00,0,1.9,10
11/11/2012 07:00,0,2.2,12
11/11/2012 08:00,0,2.3,12
11/11/2012 09:00,0,3,11
11/11/2012 10:00,0,4.2,11
11/11/2012 11:00,0,5.8,11
11/11/2012 12:00,0,6.9,12
11/11/2012 13:00,0,8.1,10
11/11/2012 14:00,0,8.3,9
11/11/2012 15:00,0,8.1,8
11/11/2012 16:00,0,7.4,7
11/11/2012 17:00,0,7.4,6
11/11/2012 18:00,0,7.5,8
11/11/2012 19:00,0,7.2,7
11/11/2012 20:00,0,6.9,5
11/11/2012 21:00,0.3,6.8,5
11/11/2012 22:00,0.3,6.4,4
11/11/2012 23:00,0.2,6.4,5
12/11/2012 00:00,0.1,6.1,7
12/11/2012 01:00,0,6.4,5
12/11/2012 02:00,0,6.3,7
12/11/2012 03:00,0.3,6.8,9
12/11/2012 04:00,0,7.1,8
12/11/2012 05:00,0.6,7.5,5
12/11/2012 06:00,0.8,8,5
12/11/2012 07:00,1,9.6,5
12/11/2012 08:00,0.5,10.8,10
12/11/2012 09:00,0,11.5,15
12/11/2012 10:00,0,12,15
12/11/2012 11:00,0,12.6,11
12/11/2012 12:00,0,13,13
12/11/2012 13:00,0,13.2,12
12/11/2012 14:00,0,13.5,17
12/11/2012 15:00,0,13.5,17
12/11/2012 16:00,0,13.1,15
12/11/2012 17:00,0,12.9,14
12/11/2012 18:00,0,12.5,13
12/11/2012 19:00,0,13,13
12/11/2012 20:00,0,12.8,10
12/11/2012 21:00,0,12.5,10
12/11/2012 22:00,0,12.5,10
12/11/2012 23:00,0,12.4,8
13/11/2012 00:00,0,12.7,7
13/11/2012 01:00,0.2,12.5,7
13/11/2012 02:00,0,12.7,7
13/11/2012 03:00,0,13.1,6
13/11/2012 04:00,0,12.9,16
13/11/2012 05:00,0,12.5,18
13/11/2012 06:00,0,12.7,21
13/11/2012 07:00,0,12.4,18
13/11/2012 08:00,0,12.4,15
13/11/2012 09:00,0,12.2,18
13/11/2012 10:00,0,12.8,19
13/11/2012 11:00,0,13.3,19
13/11/2012 12:00,0,13.3,20
13/11/2012 13:00,0,13.4,22
13/11/2012 14:00,0,13.5,22
13/11/2012 15:00,0,13.4,19
13/11/2012 16:00,0,13,19
13/11/2012 17:00,0,12.9,18
13/11/2012 18:00,0,12.2,15
13/11/2012 19:00,0.1,12.7,16
13/11/2012 20:00,0,12.5,15
13/11/2012 21:00,0.1,12.3,14
13/11/2012 22:00,1.7,11.9,11
13/11/2012 23:00,0.4,12.2,9
14/11/2012 00:00,0.3,12.2,10
14/11/2012 01:00,0.1,12.5,13
14/11/2012 02:00,0,12.3,13
14/11/2012 03:00,0,12.2,9
14/11/2012 04:00,0,11.9,10
14/11/2012 05:00,0,11.8,9
14/11/2012 06:00,0,11.4,11
14/11/2012 07:00,0,10.9,13
14/11/2012 08:00,0,10.8,10
14/11/2012 09:00,0,11.4,10
14/11/2012 10:00,0,11.5,8
14/11/2012 11:00,0,12.3,10
14/11/2012 12:00,0,13.1,11
14/11/2012 13:00,0,13.2,12
14/11/2012 14:00,0,12.8,13
14/11/2012 15:00,0,12.4,12
14/11/2012 16:00,0,11.8,10
14/11/2012 17:00,0,10.9,7
14/11/2012 18:00,0,9.7,5
14/11/2012 19:00,0,9,4
14/11/2012 20:00,0,9.4,4
14/11/2012 21:00,0,9.7,4
14/11/2012 22:00,0,9.8,4
14/11/2012 23:00,0,8.6,5
15/11/2012 00:00,0,9.3,5
15/11/2012 01:00,0,9.2,4
15/11/2012 02:00,0,9.7,3
15/11/2012 03:00,0,9.3,4
15/11/2012 04:00,0,9,3
15/11/2012 05:00,0,9.5,3
15/11/2012 06:00,0,9.1,3
15/11/2012 07:00,0,8.9,3
15/11/2012 08:00,0,8.4,2
15/11/2012 09:00,0,8.5,2
15/11/2012 10:00,0,10.1,4
15/11/2012 11:00,0,10.7,6
15/11/2012 12:00,0,12.5,7
15/11/2012 13:00,0,11.8,9
15/11/2012 14:00,0,12.3,9
15/11/2012 15:00,0,11.5,9
15/11/2012 16:00,0,10.7,8
15/11/2012 17:00,0,10.1,6
15/11/2012 18:00,0,9,6
15/11/2012 19:00,0,8.7,4
15/11/2012 20:00,0,8.8,3
15/11/2012 21:00,0,9,6
15/11/2012 22:00,0,7.9,6
15/11/2012 23:00,0,6.6,5
16/11/2012 00:00,0,6.4,5
16/11/2012 01:00,0,6.6,6
16/11/2012 02:00,0,5.8,7
16/11/2012 03:00,0,6.6,5
16/11/2012 04:00,0,5.8,5
16/11/2012 05:00,0,6.2,3
16/11/2012 06:00,0,5.7,2
16/11/2012 07:00,0,6.3,1
16/11/2012 08:00,0,3.9,3
16/11/2012 09:00,0,3.6,2
16/11/2012 10:00,0,5.8,4
16/11/2012 11:00,0,7.1,2
16/11/2012 12:00,0,7.6,4
16/11/2012 13:00,0,8,3
16/11/2012 14:00,0,7.5,5
16/11/2012 15:00,0,7.9,4
16/11/2012 16:00,0,7.8,4
16/11/2012 17:00,0,7.6,5
16/11/2012 18:00,0,7.5,7
16/11/2012 19:00,0,7.2,5
16/11/2012 20:00,0,6.9,5
16/11/2012 21:00,0,6.5,8
16/11/2012 22:00,0,6.6,7
16/11/2012 23:00,0.1,6.4,9
17/11/2012 00:00,0.2,6.2,7
17/11/2012 01:00,0.1,6,7
17/11/2012 02:00,0,6.2,8
17/11/2012 03:00,0,6.3,7
17/11/2012 04:00,0,5.4,8
17/11/2012 05:00,0,4.7,7
17/11/2012 06:00,0,4.3,9
17/11/2012 07:00,0,3.5,9
17/11/2012 08:00,0,3.3,9
17/11/2012 09:00,0,3.7,11
17/11/2012 10:00,0,5.7,12
17/11/2012 11:00,0,6.3,13
17/11/2012 12:00,0,7.3,13
17/11/2012 13:00,0,7.6,14
17/11/2012 14:00,0,7.1,15
17/11/2012 15:00,0,7.1,16
17/11/2012 16:00,0,5.5,14
17/11/2012 17:00,0,4.5,10
17/11/2012 18:00,0,4.1,11
17/11/2012 19:00,0,3.7,11
17/11/2012 20:00,0,3.5,11
17/11/2012 21:00,0,3.5,12
17/11/2012 22:00,0,3.6,12
17/11/2012 23:00,0,3.3,11
18/11/2012 00:00,0,3.1,11
18/11/2012 01:00,0,3,8
18/11/2012 02:00,0,2.2,9
18/11/2012 03:00,0,1.8,8
18/11/2012 04:00,0,1.3,7
18/11/2012 05:00,0,1.4,6
18/11/2012 06:00,0,2,6
18/11/2012 07:00,0,2.4,7
18/11/2012 08:00,0,1.7,6
18/11/2012 09:00,0,2.6,4
18/11/2012 10:00,0,4.4,6
18/11/2012 11:00,0,5.8,5
18/11/2012 12:00,0,6.6,5
18/11/2012 13:00,0,7.1,5
18/11/2012 14:00,0,7,8
18/11/2012 15:00,0,6.8,10
18/11/2012 16:00,0.2,6.5,8
18/11/2012 17:00,1.6,6.2,7
18/11/2012 18:00,1.6,6.3,9
18/11/2012 19:00,1.2,6.7,12
18/11/2012 20:00,0.3,7.1,20
18/11/2012 21:00,0.3,8.6,18
18/11/2012 22:00,0.2,9.1,16
18/11/2012 23:00,0.1,9.8,19
19/11/2012 00:00,0,11.3,17
19/11/2012 01:00,0,11.4,18
19/11/2012 02:00,0,11.7,21
19/11/2012 03:00,0,11.8,20
19/11/2012 04:00,0.3,11.4,18
19/11/2012 05:00,0.4,11,17
19/11/2012 06:00,0.5,11.4,15
19/11/2012 07:00,0,11.9,16
19/11/2012 08:00,0,12.3,14
19/11/2012 09:00,0,12.7,14
19/11/2012 10:00,0,12.8,14
19/11/2012 11:00,0,13.2,18
19/11/2012 12:00,0,13.9,18
19/11/2012 13:00,0,13.3,19
19/11/2012 14:00,0,12.8,19
19/11/2012 15:00,0,12.5,18
19/11/2012 16:00,0,12.2,15
19/11/2012 17:00,0,11.9,11
19/11/2012 18:00,0,11.3,13
19/11/2012 19:00,0,10.6,8
19/11/2012 20:00,0,10.9,11
19/11/2012 21:00,0,10.1,10
19/11/2012 22:00,0,9.8,9
19/11/2012 23:00,0,10.1,6
20/11/2012 00:00,0,10.3,8
20/11/2012 01:00,0,10.9,8
20/11/2012 02:00,0,9.4,8
20/11/2012 03:00,0,10.5,8
20/11/2012 04:00,0,10.8,9
20/11/2012 05:00,0,11.5,4
20/11/2012 06:00,0,11.6,8
20/11/2012 07:00,0,12,13
20/11/2012 08:00,0,11.8,12
20/11/2012 09:00,0,11.9,9
20/11/2012 10:00,0,12.6,7
20/11/2012 11:00,0,12.6,14
20/11/2012 12:00,0,12.2,16
20/11/2012 13:00,0,12.6,13
20/11/2012 14:00,0,12.3,14
20/11/2012 15:00,0,11.3,20
20/11/2012 16:00,0,10.1,16
20/11/2012 17:00,0,9.2,17
20/11/2012 18:00,0,9.1,18
20/11/2012 19:00,0,8.5,19
20/11/2012 20:00,0,7.5,19
20/11/2012 21:00,0,6.9,16
20/11/2012 22:00,0,7.3,13
20/11/2012 23:00,0,7,9
21/11/2012 00:00,0,6.6,6
21/11/2012 01:00,0,6.5,5
21/11/2012 02:00,0,6,4
21/11/2012 03:00,0,4.4,3
21/11/2012 04:00,0,4.9,1
21/11/2012 05:00,0,6.5,3
21/11/2012 06:00,0,6.2,6
21/11/2012 07:00,0,5.1,5
21/11/2012 08:00,0,5.5,5
21/11/2012 09:00,0,5.8,6
21/11/2012 10:00,0,8.3,5
21/11/2012 11:00,0,9.4,8
21/11/2012 12:00,0,10.2,9
21/11/2012 13:00,0,10.1,11
21/11/2012 14:00,0,10,13
21/11/2012 15:00,0,9.4,11
21/11/2012 16:00,0,8.7,12
21/11/2012 17:00,0,8.6,9
21/11/2012 18:00,0,8.5,9
21/11/2012 19:00,0,8.4,11
21/11/2012 20:00,0.1,10.3,10
21/11/2012 21:00,1.6,8.7,13
21/11/2012 22:00,0.1,8.7,6
21/11/2012 23:00,0,9.8,9
22/11/2012 00:00,0,10.3,11
22/11/2012 01:00,0,10.6,13
22/11/2012 02:00,0,10.6,13
22/11/2012 03:00,0,11.5,12
22/11/2012 04:00,0.1,11.7,12
22/11/2012 05:00,0,12.1,23
22/11/2012 06:00,0,11.9,23
22/11/2012 07:00,0.2,10.8,19
22/11/2012 08:00,1.1,9.9,14
22/11/2012 09:00,2.2,7.6,16
22/11/2012 10:00,1.2,6.9,15
22/11/2012 11:00,0.1,7,10
22/11/2012 12:00,0,7,11
22/11/2012 13:00,0.3,6.1,12
22/11/2012 14:00,0.6,5.7,11
22/11/2012 15:00,0.1,6.1,11
22/11/2012 16:00,0,6.2,12
22/11/2012 17:00,0,6.1,14
22/11/2012 18:00,0,6.3,15
22/11/2012 19:00,0,6.8,14
22/11/2012 20:00,0,6.1,15
22/11/2012 21:00,0,5.8,18
22/11/2012 22:00,0,5.6,17
22/11/2012 23:00,0,5.6,18
23/11/2012 00:00,0,5.6,18
23/11/2012 01:00,0,5.4,18
23/11/2012 02:00,0,5.2,18
23/11/2012 03:00,0,4.8,15
23/11/2012 04:00,0,5.1,15
23/11/2012 05:00,0,5.1,15
23/11/2012 06:00,0,4.9,13
23/11/2012 07:00,0,4.8,10
23/11/2012 08:00,0,5.1,10
23/11/2012 09:00,0,5.1,9
23/11/2012 10:00,0,6,11
23/11/2012 11:00,0,6.5,14
23/11/2012 12:00,0,7.4,13
23/11/2012 13:00,0,7.9,13
23/11/2012 14:00,0,7.5,16
23/11/2012 15:00,0,7.2,15
23/11/2012 16:00,0,6.2,12
23/11/2012 17:00,0,5.5,10
23/11/2012 18:00,0,4.1,9
23/11/2012 19:00,0,3.6,7
23/11/2012 20:00,0,3.7,8
23/11/2012 21:00,0,3.4,7
23/11/2012 22:00,0,2.8,7
23/11/2012 23:00,0,2.2,7
24/11/2012 00:00,0,2.2,7
24/11/2012 01:00,0,3.4,8
24/11/2012 02:00,0,2.2,7
24/11/2012 03:00,0,-0.5,2
24/11/2012 04:00,0,-0.1,2
24/11/2012 05:00,0,-1.1,3
24/11/2012 06:00,0,-1.7,1
24/11/2012 07:00,0,-2.2,1
24/11/2012 08:00,0,-1.8,1
24/11/2012 09:00,0,-0.7,2
24/11/2012 10:00,0,0.7,3
24/11/2012 11:00,0,2,4
24/11/2012 12:00,0,3.6,6
24/11/2012 13:00,0,4.6,5
24/11/2012 14:00,0,5.4,5
24/11/2012 15:00,0,4.9,5
24/11/2012 16:00,0,5.3,5
24/11/2012 17:00,0,5.3,5
24/11/2012 18:00,0,5.6,6
24/11/2012 19:00,0.9,5.1,5
24/11/2012 20:00,0.9,4.5,7
24/11/2012 21:00,1.9,4.2,10
24/11/2012 22:00,1.8,4.4,11
24/11/2012 23:00,2.1,4.1,13
25/11/2012 00:00,0.4,4,14
25/11/2012 01:00,0,3.9,14
25/11/2012 02:00,0,3.7,12
25/11/2012 03:00,0,3.7,10
25/11/2012 04:00,0,2.9,11
25/11/2012 05:00,0,1.7,12
25/11/2012 06:00,0,0.9,12
25/11/2012 07:00,0,0.6,8
25/11/2012 08:00,0,0.3,8
25/11/2012 09:00,0,0.7,6
25/11/2012 10:00,0,3,2
25/11/2012 11:00,0,5.9,1
25/11/2012 12:00,0,4.1,3
25/11/2012 13:00,0,5.3,4
25/11/2012 14:00,0,3.9,7
25/11/2012 15:00,0,4.5,7
25/11/2012 16:00,1,5.3,7
25/11/2012 17:00,4.2,4.9,10
25/11/2012 18:00,1.8,4.5,12
25/11/2012 19:00,0.6,4.8,14
25/11/2012 20:00,0.5,5.4,14
25/11/2012 21:00,3.1,5.2,17
25/11/2012 22:00,4.1,4.8,20
25/11/2012 23:00,3.1,4.6,17
26/11/2012 00:00,3.2,4.7,16
26/11/2012 01:00,1.7,4.7,16
26/11/2012 02:00,3.3,4.4,12
26/11/2012 03:00,2.7,4.6,13
26/11/2012 04:00,0.7,4.7,16
26/11/2012 05:00,0.2,4.9,17
26/11/2012 06:00,0,5,18
26/11/2012 07:00,0,5.2,19
26/11/2012 08:00,0,4.9,20
26/11/2012 09:00,0.1,4.7,17
26/11/2012 10:00,0.1,5.2,16
26/11/2012 11:00,0,5.6,16
26/11/2012 12:00,0,6.1,17
26/11/2012 13:00,0,6.9,16
26/11/2012 14:00,0,6.9,19
26/11/2012 15:00,0,6.8,19
26/11/2012 16:00,0,6,18
26/11/2012 17:00,0,6.2,14
26/11/2012 18:00,0,5.9,16
26/11/2012 19:00,0,5.7,16
26/11/2012 20:00,0,4.7,16
26/11/2012 21:00,0,4.7,15
26/11/2012 22:00,0,4.5,16
26/11/2012 23:00,0,4.6,16
27/11/2012 00:00,0,4.3,19
27/11/2012 01:00,0,3.7,16
27/11/2012 02:00,0,3.5,16
27/11/2012 03:00,0,3.3,16
27/11/2012 04:00,0,2.9,17
27/11/2012 05:00,0,2.9,15
27/11/2012 06:00,0,3.5,16
27/11/2012 07:00,0,4,16
27/11/2012 08:00,0,3.5,15
27/11/2012 09:00,0,3.5,14
27/11/2012 10:00,0,4.7,12
27/11/2012 11:00,0,5.2,13
27/11/2012 12:00,0,6.1,13
27/11/2012 13:00,0,6.5,13
27/11/2012 14:00,0,6.6,12
27/11/2012 15:00,0,5.9,10
27/11/2012 16:00,0,4.3,10
27/11/2012 17:00,0,2.8,9
27/11/2012 18:00,0,2.5,10
27/11/2012 19:00,0,1.2,9
27/11/2012 20:00,0,2.1,8
27/11/2012 21:00,0,1.4,8
27/11/2012 22:00,0,1,8
27/11/2012 23:00,0,1.3,9
28/11/2012 00:00,0,0.5,10
28/11/2012 01:00,0,0.8,10
28/11/2012 02:00,0,0.5,9
28/11/2012 03:00,0,0.5,9
28/11/2012 04:00,0,0.4,8
28/11/2012 05:00,0,-0.4,8
28/11/2012 06:00,0,0.2,7
28/11/2012 07:00,0,-0.2,7
28/11/2012 08:00,0,0.5,8
28/11/2012 09:00,0,0.9,9
28/11/2012 10:00,0,1.9,8
28/11/2012 11:00,0,3.7,9
28/11/2012 12:00,0,4.8,8
28/11/2012 13:00,0,5.3,10
28/11/2012 14:00,0,5.5,11
28/11/2012 15:00,0,4.9,10
28/11/2012 16:00,0,3.3,7
28/11/2012 17:00,0,2.7,8
28/11/2012 18:00,0,1.9,9
28/11/2012 19:00,0,1.3,8
28/11/2012 20:00,0,0.5,8
28/11/2012 21:00,0,0.5,7
28/11/2012 22:00,0,0.1,9
28/11/2012 23:00,0,0.7,9
29/11/2012 00:00,0,0.1,9
29/11/2012 01:00,0,-0.3,9
29/11/2012 02:00,0,-0.6,8
29/11/2012 03:00,0,-0.3,6
29/11/2012 04:00,0,-0.3,9
29/11/2012 05:00,0,-0.2,9
29/11/2012 06:00,0,-0.5,8
29/11/2012 07:00,0,-0.6,8
29/11/2012 08:00,0,-0.8,8
29/11/2012 09:00,0,0.4,7
29/11/2012 10:00,0,1.3,6
29/11/2012 11:00,0,2,6
29/11/2012 12:00,0,3.7,8
29/11/2012 13:00,0,4,6
29/11/2012 14:00,0,4.4,5
29/11/2012 15:00,0,3.6,5
29/11/2012 16:00,0,2.7,5
29/11/2012 17:00,0,2.1,3
29/11/2012 18:00,0,2.2,4
29/11/2012 19:00,0,0.9,5
29/11/2012 20:00,0,1,5
29/11/2012 21:00,0,1.2,5
29/11/2012 22:00,0,1,7
29/11/2012 23:00,0,0.5,7
30/11/2012 00:00,0,0.8,6
30/11/2012 01:00,0,0.6,7
30/11/2012 02:00,0,0.9,7
30/11/2012 03:00,0,1.1,6
30/11/2012 04:00,0,1.2,4
30/11/2012 05:00,0,1,4
30/11/2012 06:00,0,1.3,4
30/11/2012 07:00,0,0.5,2
30/11/2012 08:00,0,0.2,2
30/11/2012 09:00,0,1.1,2
30/11/2012 10:00,0,3.5,2
30/11/2012 11:00,0,5.2,4
30/11/2012 12:00,0,6.5,5
30/11/2012 13:00,0,7.3,6
30/11/2012 14:00,0,6.1,6
30/11/2012 15:00,0,5.9,6
30/11/2012 16:00,0,5.1,6
30/11/2012 17:00,0,4.7,4
30/11/2012 18:00,0,3,4
30/11/2012 19:00,0,0.6,3
30/11/2012 20:00,0,0.7,5
30/11/2012 21:00,0,0.2,6
30/11/2012 22:00,0,0.7,7
30/11/2012 23:00,0,1.4,8
01/01/2013 00:00,0,2.7,15
01/01/2013 01:00,0,3.2,16
01/01/2013 02:00,0,2.7,15
01/01/2013 03:00,0,2.5,14
01/01/2013 04:00,0,2.7,13
01/01/2013 05:00,0,2.3,14
01/01/2013 06:00,0,1.9,16
01/01/2013 07:00,0,2,16
01/01/2013 08:00,0,2.1,17
01/01/2013 09:00,0,1.8,17
01/01/2013 10:00,0,2.5,18
01/01/2013 11:00,0,3.2,18
01/01/2013 12:00,0,4.9,18
01/01/2013 13:00,0,5.2,17
01/01/2013 14:00,0,5.6,16
01/01/2013 15:00,0,5.9,11
01/01/2013 16:00,0,5.7,12
01/01/2013 17:00,0,5.5,12
01/01/2013 18:00,0,5.2,12
01/01/2013 19:00,0,4.5,14
01/01/2013 20:00,0,4.7,14
01/01/2013 21:00,0,4.8,13
01/01/2013 22:00,0,5.3,14
01/01/2013 23:00,0,5.5,14
02/01/2013 00:00,0,5.6,13
02/01/2013 01:00,0,6,11
02/01/2013 02:00,0,6.5,10
02/01/2013 03:00,0,7,9
02/01/2013 04:00,0,7,10
02/01/2013 05:00,0,7.9,14
02/01/2013 06:00,0,8.1,14
02/01/2013 07:00,0,8.7,17
02/01/2013 08:00,0,9.3,18
02/01/2013 09:00,0,9.8,17
02/01/2013 10:00,0,10,17
02/01/2013 11:00,0,10.9,17
02/01/2013 12:00,0,11,20
02/01/2013 13:00,0,11.1,20
02/01/2013 14:00,0,11.6,19
02/01/2013 15:00,0,12,20
02/01/2013 16:00,0,11.7,19
02/01/2013 17:00,0,11.5,18
02/01/2013 18:00,0,11.5,16
02/01/2013 19:00,0,11.5,18
02/01/2013 20:00,0,11.6,16
02/01/2013 21:00,0,11.6,14
02/01/2013 22:00,0,11.3,15
02/01/2013 23:00,0,11.3,15
03/01/2013 00:00,0,11.4,15
03/01/2013 01:00,0,11.4,12
03/01/2013 02:00,0,11.3,11
03/01/2013 03:00,0,11.4,11
03/01/2013 04:00,0,11.4,9
03/01/2013 05:00,0,11,9
03/01/2013 06:00,0,10.9,10
03/01/2013 07:00,0,11,11
03/01/2013 08:00,0,10.9,9
03/01/2013 09:00,0,10.7,9
03/01/2013 10:00,0,11,9
03/01/2013 11:00,0,11.8,9
03/01/2013 12:00,0,12.2,12
03/01/2013 13:00,0,12,14
03/01/2013 14:00,0,12.1,15
03/01/2013 15:00,0,11.9,12
03/01/2013 16:00,0,11.4,10
03/01/2013 17:00,0,11.4,12
03/01/2013 18:00,0,11.3,11
03/01/2013 19:00,0,11.3,13
03/01/2013 20:00,0,10.7,13
03/01/2013 21:00,0,11,12
03/01/2013 22:00,0,10.7,14
03/01/2013 23:00,0,10.7,16
04/01/2013 00:00,0,10.4,14
04/01/2013 01:00,0,10.2,12
04/01/2013 02:00,0,10.2,9
04/01/2013 03:00,0,10,8
04/01/2013 04:00,0,10.1,10
04/01/2013 05:00,0,9.9,13
04/01/2013 06:00,0,8.7,9
04/01/2013 07:00,0,8.1,8
04/01/2013 08:00,0,8.8,11
04/01/2013 09:00,0,8.8,10
04/01/2013 10:00,0,9.5,8
04/01/2013 11:00,0,9.8,6
04/01/2013 12:00,0,10.3,6
04/01/2013 13:00,0,10.4,10
04/01/2013 14:00,0,9.8,14
04/01/2013 15:00,0,9.7,13
04/01/2013 16:00,0,10.1,10
04/01/2013 17:00,0,10.3,11
04/01/2013 18:00,0,10,7
04/01/2013 19:00,0,8.8,3
04/01/2013 20:00,0,6.7,2
04/01/2013 21:00,0,7,2
04/01/2013 22:00,0,4.9,2
04/01/2013 23:00,0,5.7,1
05/01/2013 00:00,0,7.2,1
05/01/2013 01:00,0,4.7,1
05/01/2013 02:00,0,4,1
05/01/2013 03:00,0,7.8,3
05/01/2013 04:00,0,8.9,4
05/01/2013 05:00,0,8.8,5
05/01/2013 06:00,0,8.9,12
05/01/2013 07:00,0,9.1,13
05/01/2013 08:00,0,10.2,12
05/01/2013 09:00,0,10.4,11
05/01/2013 10:00,0,10.7,8
05/01/2013 11:00,0,11,6
05/01/2013 12:00,0,11,9
05/01/2013 13:00,0,10.9,14
05/01/2013 14:00,0,11.1,12
05/01/2013 15:00,0,11,13
05/01/2013 16:00,0,11.4,12
05/01/2013 17:00,0,11.4,15
05/01/2013 18:00,0,11.1,15
05/01/2013 19:00,0,10.7,12
05/01/2013 20:00,0,10.7,10
05/01/2013 21:00,0,9.5,5
05/01/2013 22:00,0,8.8,2
05/01/2013 23:00,0,9.1,5
06/01/2013 00:00,0,9.8,4
06/01/2013 01:00,0,8.1,6
06/01/2013 02:00,0,4.3,4
06/01/2013 03:00,0,3.6,3
06/01/2013 04:00,0,4.4,6
06/01/2013 05:00,0,9.4,4
06/01/2013 06:00,0,6.8,6
06/01/2013 07:00,0,9.3,8
06/01/2013 08:00,0,9.1,11
06/01/2013 09:00,0,8.1,6
06/01/2013 10:00,0,9.3,7
06/01/2013 11:00,0,9.7,12
06/01/2013 12:00,0,9.2,12
06/01/2013 13:00,0,9.7,8
06/01/2013 14:00,0,10.3,5
06/01/2013 15:00,0,10.8,5
06/01/2013 16:00,0,10.7,11
06/01/2013 17:00,0,10.3,8
06/01/2013 18:00,0,10.3,8
06/01/2013 19:00,0,10.1,6
06/01/2013 20:00,0,10.4,3
06/01/2013 21:00,0,10.2,8
06/01/2013 22:00,0,10,7
06/01/2013 23:00,0,10.2,6
07/01/2013 00:00,0,10.2,5
07/01/2013 01:00,0,10.1,4
07/01/2013 02:00,0.2,9.4,4
07/01/2013 03:00,0.4,8.6,3
07/01/2013 04:00,0.2,8.5,5
07/01/2013 05:00,0,8.6,6
07/01/2013 06:00,0.1,8.8,8
07/01/2013 07:00,0.1,8.8,7
07/01/2013 08:00,0.2,8.7,5
07/01/2013 09:00,0.7,9.4,4
07/01/2013 10:00,0.1,10.7,3
07/01/2013 11:00,0.1,11.1,4
07/01/2013 12:00,0.2,11,12
07/01/2013 13:00,0.1,11.5,13
07/01/2013 14:00,0,11.4,13
07/01/2013 15:00,0.1,11.2,15
07/01/2013 16:00,0,11.4,15
07/01/2013 17:00,0.1,11.4,14
07/01/2013 18:00,0,11.3,14
07/01/2013 19:00,0,11.4,10
07/01/2013 20:00,0,11.2,11
07/01/2013 21:00,0,11.5,12
07/01/2013 22:00,0,11.1,8
07/01/2013 23:00,0,11,8
08/01/2013 00:00,0,11.4,10
08/01/2013 01:00,0,11.7,10
08/01/2013 02:00,0,11.8,11
08/01/2013 03:00,0,12.1,12
08/01/2013 04:00,0,11.9,11
08/01/2013 05:00,0,11.8,11
08/01/2013 06:00,0,12,11
08/01/2013 07:00,0,11.8,12
08/01/2013 08:00,0.1,11,12
08/01/2013 09:00,0.2,9.6,12
08/01/2013 10:00,0.1,9.2,12
08/01/2013 11:00,0,8.8,12
08/01/2013 12:00,0,8.8,8
08/01/2013 13:00,0,8.9,9
08/01/2013 14:00,0,8.9,9
08/01/2013 15:00,0,9.4,10
08/01/2013 16:00,0,7.5,10
08/01/2013 17:00,0,5.9,8
08/01/2013 18:00,0,4.1,6
08/01/2013 19:00,0,4.2,5
08/01/2013 20:00,0,4.5,7
08/01/2013 21:00,0,2.3,7
08/01/2013 22:00,0,2.2,7
08/01/2013 23:00,0,2,6
09/01/2013 00:00,0,2.4,4
09/01/2013 01:00,0,2.4,3
09/01/2013 02:00,0,0.9,6
09/01/2013 03:00,0,0.5,6
09/01/2013 04:00,0,0.6,7
09/01/2013 05:00,0,-0.6,7
09/01/2013 06:00,0,-0.8,7
09/01/2013 07:00,0,-0.5,6
09/01/2013 08:00,0,-1.8,5
09/01/2013 09:00,0,-1.6,5
09/01/2013 10:00,0,0.3,3
09/01/2013 11:00,0,2.6,3
09/01/2013 12:00,0,6.6,2
09/01/2013 13:00,0,6.9,1
09/01/2013 14:00,0,7.1,3
09/01/2013 15:00,0,7.7,4
09/01/2013 16:00,0,4.6,4
09/01/2013 17:00,0,2.3,3
09/01/2013 18:00,0,1.6,4
09/01/2013 19:00,0,-0.4,3
09/01/2013 20:00,0,-0.9,2
09/01/2013 21:00,0,-2,3
09/01/2013 22:00,0,-1.6,4
09/01/2013 23:00,0,0.3,7
10/01/2013 00:00,0,3.1,6
10/01/2013 01:00,0,2.9,6
10/01/2013 02:00,0,-0.5,4
10/01/2013 03:00,0,-1.7,3
10/01/2013 04:00,0,-1.9,1
10/01/2013 05:00,0,-1.2,3
10/01/2013 06:00,0,-0.4,3
10/01/2013 07:00,0,1.5,5
10/01/2013 08:00,0,2.4,7
10/01/2013 09:00,0,2.9,7
10/01/2013 10:00,0,4.8,8
10/01/2013 11:00,0.4,5.6,7
10/01/2013 12:00,0.8,5.7,7
10/01/2013 13:00,0.6,5.7,4
10/01/2013 14:00,0.2,6.3,4
10/01/2013 15:00,0,6.7,6
10/01/2013 16:00,0,6.6,9
10/01/2013 17:00,0,6.1,11
10/01/2013 18:00,0,6,12
10/01/2013 19:00,0,5.3,15
10/01/2013 20:00,0,4.6,15
10/01/2013 21:00,0,3.9,11
10/01/2013 22:00,0,3.6,9
10/01/2013 23:00,0,4,9
11/01/2013 00:00,0,3.1,8
11/01/2013 01:00,0,3.4,8
11/01/2013 02:00,0,3.3,7
11/01/2013 03:00,0,3.2,6
11/01/2013 04:00,0,3.3,4
11/01/2013 05:00,0,1.6,3
11/01/2013 06:00,0,-0.2,4
11/01/2013 07:00,0,-1.2,3
11/01/2013 08:00,0,0.2,5
11/01/2013 09:00,0,2.3,4
11/01/2013 10:00,0,4,5
11/01/2013 11:00,0,5.6,5
11/01/2013 12:00,0,7,10
11/01/2013 13:00,0.1,6.8,11
11/01/2013 14:00,0,7,9
11/01/2013 15:00,0,7.3,9
11/01/2013 16:00,0,7.3,9
11/01/2013 17:00,0,7,10
11/01/2013 18:00,0,6.6,9
11/01/2013 19:00,0,6.5,5
11/01/2013 20:00,0,3.8,6
11/01/2013 21:00,0,4.9,8
11/01/2013 22:00,0,3.4,7
11/01/2013 23:00,0,5.1,7
12/01/2013 00:00,0,3.3,7
12/01/2013 01:00,1,6.3,8
12/01/2013 02:00,0.2,6.3,7
12/01/2013 03:00,0,7.2,10
12/01/2013 04:00,0,7,11
12/01/2013 05:00,0,6.6,10
12/01/2013 06:00,0,6.5,8
12/01/2013 07:00,0,6.3,7
12/01/2013 08:00,0,6.6,8
12/01/2013 09:00,0,6.1,7
12/01/2013 10:00,0,6.1,10
12/01/2013 11:00,0,5.9,12
12/01/2013 12:00,0,5.9,12
12/01/2013 13:00,0,6.5,11
12/01/2013 14:00,0,6,10
12/01/2013 15:00,0,5.7,10
12/01/2013 16:00,0,4.8,11
12/01/2013 17:00,0,4.9,10
12/01/2013 18:00,0,4.2,12
12/01/2013 19:00,0,3.4,13
12/01/2013 20:00,0,3,12
12/01/2013 21:00,0,2.2,11
12/01/2013 22:00,0,1.9,9
12/01/2013 23:00,0,3.5,9
13/01/2013 00:00,0,1.1,8
13/01/2013 01:00,0,0,7
13/01/2013 02:00,0,-1.1,5
13/01/2013 03:00,0,-1.6,3
13/01/2013 04:00,0,-2.4,1
13/01/2013 05:00,0,-2.2,1
13/01/2013 06:00,0,-1.5,1
13/01/2013 07:00,0,-0.7,5
13/01/2013 08:00,0,-0.5,6
13/01/2013 09:00,0,-0.9,5
13/01/2013 10:00,0,0.7,6
13/01/2013 11:00,0,1.1,9
13/01/2013 12:00,0.1,1.8,9
13/01/2013 13:00,0.8,2.2,10
13/01/2013 14:00,0.1,2.4,9
13/01/2013 15:00,0,2.6,12
13/01/2013 16:00,0,2.5,13
13/01/2013 17:00,0,2.4,12
13/01/2013 18:00,0,2.6,13
13/01/2013 19:00,0,2.9,12
13/01/2013 20:00,0,2.9,9
13/01/2013 21:00,0,2.6,8
13/01/2013 22:00,0,2,9
13/01/2013 23:00,0,2.5,12
14/01/2013 00:00,0,2.6,12
14/01/2013 01:00,0.1,3,13
14/01/2013 02:00,0,3.6,12
14/01/2013 03:00,0,4,11
14/01/2013 04:00,0.3,4.3,14
14/01/2013 05:00,0.8,4.7,15
14/01/2013 06:00,0,4.6,12
14/01/2013 07:00,0,4.6,10
14/01/2013 08:00,0,3.9,13
14/01/2013 09:00,0,4,13
14/01/2013 10:00,0,4.2,12
14/01/2013 11:00,0,4.6,13
14/01/2013 12:00,0.1,4.4,15
14/01/2013 13:00,0.1,5.5,14
14/01/2013 14:00,0,5.2,15
14/01/2013 15:00,0,3.5,14
14/01/2013 16:00,0,4.1,15
14/01/2013 17:00,0,2.7,14
14/01/2013 18:00,0,1.7,12
14/01/2013 19:00,0,1.6,11
14/01/2013 20:00,0,1.5,12
14/01/2013 21:00,0,1.6,14
14/01/2013 22:00,0,0.9,11
14/01/2013 23:00,0,1.3,12
15/01/2013 00:00,0,1.1,11
15/01/2013 01:00,0,0.9,11
15/01/2013 02:00,0,0.6,11
15/01/2013 03:00,0,0.5,11
15/01/2013 04:00,0,0.3,10
15/01/2013 05:00,0,0.1,10
15/01/2013 06:00,0,-0.2,10
15/01/2013 07:00,0,-0.1,12
15/01/2013 08:00,0,0,10
15/01/2013 09:00,0,-0.1,10
15/01/2013 10:00,0,0.6,10
15/01/2013 11:00,0,1.8,11
15/01/2013 12:00,0,2.6,10
15/01/2013 13:00,0,3.2,9
15/01/2013 14:00,0,2.7,8
15/01/2013 15:00,0,2.8,4
15/01/2013 16:00,0,2,4
15/01/2013 17:00,0,0.6,2
15/01/2013 18:00,0,-0.7,1
15/01/2013 19:00,0,-0.9,4
15/01/2013 20:00,0,0.3,5
15/01/2013 21:00,0,0.6,5
15/01/2013 22:00,0,2.7,5
15/01/2013 23:00,0,3.2,4
16/01/2013 00:00,0,4.1,7
16/01/2013 01:00,0,4.7,11
16/01/2013 02:00,0,4.9,9
16/01/2013 03:00,0,4.7,13
16/01/2013 04:00,0,4.7,13
16/01/2013 05:00,0,4.4,13
16/01/2013 06:00,0,4,12
16/01/2013 07:00,0,3.8,10
16/01/2013 08:00,0,3.8,9
16/01/2013 09:00,0,3.8,11
16/01/2013 10:00,0,4,10
16/01/2013 11:00,0.1,3.9,8
16/01/2013 12:00,1.4,3.7,6
16/01/2013 13:00,0.4,4.1,6
16/01/2013 14:00,0.7,4.2,6
16/01/2013 15:00,0.3,3.9,8
16/01/2013 16:00,0.3,3.8,9
16/01/2013 17:00,0.2,3.7,8
16/01/2013 18:00,0.2,3.9,8
16/01/2013 19:00,0.3,4,7
16/01/2013 20:00,0,4.3,8
16/01/2013 21:00,0,4.7,10
16/01/2013 22:00,0,4.8,10
16/01/2013 23:00,0.1,5,11
17/01/2013 00:00,0,5.1,11
17/01/2013 01:00,0,5.4,11
17/01/2013 02:00,0.1,5.4,11
17/01/2013 03:00,0,5.6,10
17/01/2013 04:00,0,6,10
17/01/2013 05:00,0,5.6,5
17/01/2013 06:00,0,4.6,3
17/01/2013 07:00,0,5.2,2
17/01/2013 08:00,0,5.5,3
17/01/2013 09:00,0,4.9,2
17/01/2013 10:00,0,5.8,5
17/01/2013 11:00,0,6.7,6
17/01/2013 12:00,0,7.2,9
17/01/2013 13:00,0,7,16
17/01/2013 14:00,0,6.6,18
17/01/2013 15:00,0,6.6,16
17/01/2013 16:00,0,5.9,20
17/01/2013 17:00,0,6.2,21
17/01/2013 18:00,0,6.5,20
17/01/2013 19:00,0,6.3,21
17/01/2013 20:00,0.2,6.4,22
17/01/2013 21:00,0,6,24
17/01/2013 22:00,0.1,5.7,22
17/01/2013 23:00,0.1,5.1,23
18/01/2013 00:00,0.6,5.1,26
18/01/2013 01:00,0.4,4.6,25
18/01/2013 02:00,0.3,4.1,25
18/01/2013 03:00,0.6,3.8,27
18/01/2013 04:00,0.7,3.3,27
18/01/2013 05:00,0.8,2.8,27
18/01/2013 06:00,1.8,2.4,25
18/01/2013 07:00,1,2.5,25
18/01/2013 08:00,2.3,2,24
18/01/2013 09:00,2.7,2,27
18/01/2013 10:00,1.1,2.1,26
18/01/2013 11:00,1.3,2.2,26
18/01/2013 12:00,0.9,2.1,26
18/01/2013 13:00,1.7,1.8,26
18/01/2013 14:00,1.2,2.3,25
18/01/2013 15:00,1.3,1.8,25
18/01/2013 16:00,2.3,1.7,24
18/01/2013 17:00,1.5,1.7,23
18/01/2013 18:00,1,2.2,22
18/01/2013 19:00,0.9,2.5,19
18/01/2013 20:00,0.7,3,19
18/01/2013 21:00,2.5,3.4,17
18/01/2013 22:00,1,3.7,17
18/01/2013 23:00,0.9,3.6,17
19/01/2013 00:00,0.5,3.6,17
19/01/2013 01:00,0.1,3.6,16
19/01/2013 02:00,0.1,3.4,16
19/01/2013 03:00,0.2,3,16
19/01/2013 04:00,0.2,2.9,15
19/01/2013 05:00,0,2.5,16
19/01/2013 06:00,0.6,1.9,15
19/01/2013 07:00,0.4,1.6,14
19/01/2013 08:00,0.8,1.7,10
19/01/2013 09:00,0.7,1.8,9
19/01/2013 10:00,0.2,1.8,8
19/01/2013 11:00,0.2,1.6,9
19/01/2013 12:00,0.1,1.7,9
19/01/2013 13:00,0.1,1.6,6
19/01/2013 14:00,0,1.7,5
19/01/2013 15:00,0,2.1,4
19/01/2013 16:00,0,1.8,6
19/01/2013 17:00,0,1.9,7
19/01/2013 18:00,0,1.4,7
19/01/2013 19:00,0,1.7,5
19/01/2013 20:00,0,1.9,7
19/01/2013 21:00,0,2,8
19/01/2013 22:00,0,1.9,9
19/01/2013 23:00,0,1.7,10
20/01/2013 00:00,0,1.9,11
20/01/2013 01:00,0,2.1,11
20/01/2013 02:00,0,2.2,10
20/01/2013 03:00,0,2.2,12
20/01/2013 04:00,0,2,12
20/01/2013 05:00,0,1.8,12
20/01/2013 06:00,0,1.8,11
20/01/2013 07:00,0,2,9
20/01/2013 08:00,0,1.7,10
20/01/2013 09:00,0,1.8,10
20/01/2013 10:00,0,2.3,12
20/01/2013 11:00,0,2.5,14
20/01/2013 12:00,0,2.2,14
20/01/2013 13:00,0,1.8,12
20/01/2013 14:00,0,2.4,10
20/01/2013 15:00,0,2.1,10
20/01/2013 16:00,0.1,2.2,9
20/01/2013 17:00,0,1.9,13
20/01/2013 18:00,0,2.1,11
20/01/2013 19:00,0,2.3,11
20/01/2013 20:00,0,2.4,12
20/01/2013 21:00,0,2.3,12
20/01/2013 22:00,0,2,14
20/01/2013 23:00,0,2,13
21/01/2013 00:00,0,2.4,12
21/01/2013 01:00,0,2.4,11
21/01/2013 02:00,0,2.3,10
21/01/2013 03:00,0,2,6
21/01/2013 04:00,0,2.1,8
21/01/2013 05:00,0.2,1,9
21/01/2013 06:00,0.8,0.6,5
21/01/2013 07:00,1,0.3,4
21/01/2013 08:00,1.9,0.6,5
21/01/2013 09:00,2.7,0.6,7
21/01/2013 10:00,0.3,0.9,4
21/01/2013 11:00,0,0.8,6
21/01/2013 12:00,0.9,1.3,7
21/01/2013 13:00,0.1,1.5,4
21/01/2013 14:00,0.4,1,6
21/01/2013 15:00,0,1.5,5
21/01/2013 16:00,0,1.3,5
21/01/2013 17:00,0,0.8,4
21/01/2013 18:00,0,0.8,4
21/01/2013 19:00,0,0.9,5
21/01/2013 20:00,0,0.7,6
21/01/2013 21:00,0,-0.6,5
21/01/2013 22:00,0,-0.1,4
21/01/2013 23:00,0,-1.2,4
22/01/2013 00:00,0,-1.9,2
22/01/2013 01:00,0,-1.6,1
22/01/2013 02:00,0,-2.2,1
22/01/2013 03:00,0,-2.3,5
22/01/2013 04:00,0,-2.2,2
22/01/2013 05:00,0,-4,1
22/01/2013 06:00,0,-4.6,2
22/01/2013 07:00,0,-4.9,3
22/01/2013 08:00,0,-4.7,2
22/01/2013 09:00,0,-4,4
22/01/2013 10:00,0,-1.9,4
22/01/2013 11:00,0,-1.2,5
22/01/2013 12:00,0,-0.3,3
22/01/2013 13:00,0,0.5,2
22/01/2013 14:00,0,1.2,4
22/01/2013 15:00,0,1.7,4
22/01/2013 16:00,0,1.3,4
22/01/2013 17:00,0,0.8,4
22/01/2013 18:00,0,0.4,3
22/01/2013 19:00,0,-0.4,3
22/01/2013 20:00,0,0.3,3
22/01/2013 21:00,0,0.2,1
22/01/2013 22:00,0,-0.8,3
22/01/2013 23:00,0,0.2,4
23/01/2013 00:00,0,1,5
23/01/2013 01:00,0,0.8,7
23/01/2013 02:00,0,1.4,5
23/01/2013 03:00,0,-0.4,3
23/01/2013 04:00,0,-0.5,1
23/01/2013 05:00,0,1.9,5
23/01/2013 06:00,0,1.4,6
23/01/2013 07:00,0,1.4,4
23/01/2013 08:00,0,1.8,4
23/01/2013 09:00,0,2.2,4
23/01/2013 10:00,0,2.8,9
23/01/2013 11:00,0,3.3,11
23/01/2013 12:00,0,3.7,13
23/01/2013 13:00,0,3.6,12
23/01/2013 14:00,0,3.4,11
23/01/2013 15:00,0,3.1,8
23/01/2013 16:00,0,2.9,7
23/01/2013 17:00,0,2.1,7
23/01/2013 18:00,0,2.3,5
23/01/2013 19:00,0,2.1,5
23/01/2013 20:00,0,2.7,7
23/01/2013 21:00,0,2.3,7
23/01/2013 22:00,0,2,6
23/01/2013 23:00,0,2.3,6
24/01/2013 00:00,0,2,8
24/01/2013 01:00,0,2.6,9
24/01/2013 02:00,0,2,4
24/01/2013 03:00,0,1.8,1
24/01/2013 04:00,0,1.4,3
24/01/2013 05:00,0,1.9,1
24/01/2013 06:00,0,1.4,2
24/01/2013 07:00,0,2.1,3
24/01/2013 08:00,0,2.4,3
24/01/2013 09:00,0,2.5,3
24/01/2013 10:00,0,3.4,5
24/01/2013 11:00,0,3.9,6
24/01/2013 12:00,0,4,7
24/01/2013 13:00,0,4,6
24/01/2013 14:00,0,4.8,7
24/01/2013 15:00,0,4.7,7
24/01/2013 16:00,0,4.3,7
24/01/2013 17:00,0,4,6
24/01/2013 18:00,0,4.6,7
24/01/2013 19:00,0,4.4,11
24/01/2013 20:00,0,4.5,9
24/01/2013 21:00,0,4.7,11
24/01/2013 22:00,0,4.6,11
24/01/2013 23:00,0,4.6,12
25/01/2013 00:00,0,4.9,10
25/01/2013 01:00,0,5.1,12
25/01/2013 02:00,0,5.1,12
25/01/2013 03:00,0,5.3,12
25/01/2013 04:00,0,5.2,11
25/01/2013 05:00,0.3,5,13
25/01/2013 06:00,1.6,4.7,12
25/01/2013 07:00,1.4,4.8,10
25/01/2013 08:00,0.2,5.5,8
25/01/2013 09:00,0,6.4,12
25/01/2013 10:00,0,6.7,12
25/01/2013 11:00,0,6.8,13
25/01/2013 12:00,0.3,6.8,16
25/01/2013 13:00,0.6,7.6,15
25/01/2013 14:00,0.5,7.7,16
25/01/2013 15:00,1.1,8,16
25/01/2013 16:00,0.4,8,13
25/01/2013 17:00,3.9,7.6,12
25/01/2013 18:00,3.6,7.5,9
25/01/2013 19:00,3.1,7.8,4
25/01/2013 20:00,2.5,7.5,11
25/01/2013 21:00,0.9,7.1,15
25/01/2013 22:00,0,6.7,18
25/01/2013 23:00,0,5.7,20
26/01/2013 00:00,0,4.9,18
26/01/2013 01:00,0,4.3,17
26/01/2013 02:00,0,3.7,14
26/01/2013 03:00,0,2.8,13
26/01/2013 04:00,0,2.3,12
26/01/2013 05:00,0,2.6,12
26/01/2013 06:00,0,3.2,12
26/01/2013 07:00,0,3.2,10
26/01/2013 08:00,0,2.9,9
26/01/2013 09:00,0,3.5,9
26/01/2013 10:00,0,4.6,9
26/01/2013 11:00,0,5.7,8
26/01/2013 12:00,0,7.4,10
26/01/2013 13:00,0,8.3,13
26/01/2013 14:00,0.1,8.2,14
26/01/2013 15:00,0,8.9,13
26/01/2013 16:00,0.2,9.1,15
26/01/2013 17:00,0.9,8.7,15
26/01/2013 18:00,0.3,9.8,15
26/01/2013 19:00,0,11,15
26/01/2013 20:00,0,11.5,16
26/01/2013 21:00,0,11.8,20
26/01/2013 22:00,0,12,18
26/01/2013 23:00,0,11.4,18
27/01/2013 00:00,0.5,11.6,20
27/01/2013 01:00,0.8,9.5,21
27/01/2013 02:00,0.1,8.6,17
27/01/2013 03:00,0,8.2,15
27/01/2013 04:00,0,7.5,12
27/01/2013 05:00,0,7,19
27/01/2013 06:00,1.2,4,26
27/01/2013 07:00,0,3.6,22
27/01/2013 08:00,0,3.8,17
27/01/2013 09:00,0.1,3.8,19
27/01/2013 10:00,0,3.5,22
27/01/2013 11:00,0,4,23
27/01/2013 12:00,0,5,26
27/01/2013 13:00,0,6.4,29
27/01/2013 14:00,0.2,3.1,32
27/01/2013 15:00,0,3.6,26
27/01/2013 16:00,0,3.7,23
27/01/2013 17:00,0.2,2.9,21
27/01/2013 18:00,0.3,2.6,16
27/01/2013 19:00,0.8,2.6,13
27/01/2013 20:00,0.1,2.5,15
27/01/2013 21:00,0,2.9,16
27/01/2013 22:00,0,2.8,18
27/01/2013 23:00,0,2.4,22
28/01/2013 00:00,0,2.7,22
28/01/2013 01:00,0,2.9,21
28/01/2013 02:00,0,2.6,20
28/01/2013 03:00,0,3,19
28/01/2013 04:00,0,3.3,18
28/01/2013 05:00,0,2.9,17
28/01/2013 06:00,0,3.1,12
28/01/2013 07:00,0,4.1,13
28/01/2013 08:00,0,4.7,13
28/01/2013 09:00,0,5.9,14
28/01/2013 10:00,0.4,5.6,15
28/01/2013 11:00,0,7.4,14
28/01/2013 12:00,0,9,20
28/01/2013 13:00,0.1,10.8,28
28/01/2013 14:00,0,10.6,29
28/01/2013 15:00,0,10.4,25
28/01/2013 16:00,0,10.4,27
28/01/2013 17:00,0,9.2,25
28/01/2013 18:00,0.1,9.6,27
28/01/2013 19:00,0,8.8,27
28/01/2013 20:00,0.1,9,24
28/01/2013 21:00,0,9.4,26
28/01/2013 22:00,0,9.3,25
28/01/2013 23:00,0,9.3,26
29/01/2013 00:00,0,8.8,27
29/01/2013 01:00,0,8.3,25
29/01/2013 02:00,0,7.9,24
29/01/2013 03:00,0,7.6,22
29/01/2013 04:00,0,7.3,11
29/01/2013 05:00,0,6.4,9
29/01/2013 06:00,0,6.6,8
29/01/2013 07:00,0,6.9,7
29/01/2013 08:00,0,7.3,10
29/01/2013 09:00,0,7.6,15
29/01/2013 10:00,0.2,8.3,13
29/01/2013 11:00,0,10,10
29/01/2013 12:00,0,13.5,15
29/01/2013 13:00,0,13.6,25
29/01/2013 14:00,0,13.5,29
29/01/2013 15:00,0,13.6,28
29/01/2013 16:00,1.7,8.8,33
29/01/2013 17:00,0.6,9.1,24
29/01/2013 18:00,0,9.1,23
29/01/2013 19:00,0,9,21
29/01/2013 20:00,0,8.5,19
29/01/2013 21:00,0,7.9,18
29/01/2013 22:00,0,7.6,17
29/01/2013 23:00,0,7.5,17
30/01/2013 00:00,0,7.2,16
30/01/2013 01:00,0,7.9,15
30/01/2013 02:00,0.1,7.9,17
30/01/2013 03:00,0,7.4,19
30/01/2013 04:00,0,6.7,17
30/01/2013 05:00,0.1,6.1,19
30/01/2013 06:00,0,6.2,18
30/01/2013 07:00,0,6.2,16
30/01/2013 08:00,0,6.7,20
30/01/2013 09:00,1.1,6.6,23
30/01/2013 10:00,0.4,6.4,23
30/01/2013 11:00,0.6,5.6,30
30/01/2013 12:00,0.7,5.8,30
30/01/2013 13:00,0.3,6.6,28
30/01/2013 14:00,0.5,7.1,28
30/01/2013 15:00,0,7.2,23
30/01/2013 16:00,0,7.2,21
30/01/2013 17:00,0,6.9,19
30/01/2013 18:00,0,6.5,17
30/01/2013 19:00,0,6.1,16
30/01/2013 20:00,0,5.9,18
30/01/2013 21:00,0,6,17
30/01/2013 22:00,0,5.8,10
30/01/2013 23:00,0,7.6,11
31/01/2013 00:00,0,8.8,16
31/01/2013 01:00,1.2,8.1,21
31/01/2013 02:00,1.3,7.9,25
31/01/2013 03:00,0,7.5,20
31/01/2013 04:00,0,7.5,22
31/01/2013 05:00,0.1,6.5,24
31/01/2013 06:00,0.2,6.2,23
31/01/2013 07:00,0,6,20
31/01/2013 08:00,0,4.7,24
31/01/2013 09:00,0,5.9,18
31/01/2013 10:00,0,6.2,22
31/01/2013 11:00,0,7.7,22
31/01/2013 12:00,0,8,23
31/01/2013 13:00,0,8.2,24
31/01/2013 14:00,0.1,7.2,24
31/01/2013 15:00,2.2,7.1,24
31/01/2013 16:00,0.1,7,21
31/01/2013 17:00,0.7,4.5,18
31/01/2013 18:00,0,6.4,15
31/01/2013 19:00,0,5.8,16
31/01/2013 20:00,0,5.5,18
31/01/2013 21:00,0,5.6,17
31/01/2013 22:00,0,5.5,18
31/01/2013 23:00,0,5.5,18